time,velocity,duty_cycle
1.8999999999998185e-05,0.0,-0.01100000000000012
0.010020000000000001,-0.00999999999999801,-0.01499999999999968
0.020020999999999997,0.0,-0.01100000000000012
0.030021999999999993,0.00999999999999801,0.01499999999999968
0.040022,-0.00999999999999801,-0.01499999999999968
0.050024,0.0,-0.006999999999999673
0.060023999999999994,0.0,0.0039999999999995595
0.070025,0.0,-0.006999999999999673
0.08002599999999999,0.0,0.0
0.090027,-0.00999999999999801,-0.01499999999999968
0.100028,0.0,-0.0039999999999995595
0.11002999999999999,0.0,-0.0039999999999995595
0.120031,0.0,-0.0039999999999995595
0.130032,0.0,0.0039999999999995595
0.140033,0.0,0.0039999999999995595
0.150035,0.0,-0.006999999999999673
0.16003599999999998,0.0,-0.0039999999999995595
0.170036,0.0,-0.006999999999999673
0.180037,0.0,-0.01100000000000012
0.19003899999999999,0.0,-0.0039999999999995595
0.200039,0.0,0.01100000000000012
0.210039,0.0,-0.006999999999999673
0.22004100000000001,0.0,-0.01100000000000012
0.230042,0.0,0.01100000000000012
0.24004299999999998,0.0,-0.0039999999999995595
0.25004400000000004,0.0,-0.0039999999999995595
0.260046,0.00999999999999801,0.01499999999999968
0.27004700000000004,0.0,0.006999999999999673
0.28004799999999996,0.0,0.0
0.290048,0.0,0.0
0.300048,0.0,0.0
0.31006999999999996,0.0,0.006999999999999673
0.320071,0.0,-0.006999999999999673
0.33007299999999995,-0.00999999999999801,-0.01499999999999968
0.340074,0.0,0.0039999999999995595
0.350075,0.0,0.0
0.36007599999999995,-0.00999999999999801,-0.01499999999999968
0.370077,0.0,0.0039999999999995595
0.38007899999999994,0.0,-0.0039999999999995595
0.39008,0.0,0.01100000000000012
0.400081,0.0,0.0
0.41008100000000003,0.0,0.0039999999999995595
0.420083,0.0,0.0039999999999995595
0.43008500000000005,0.0,-0.0039999999999995595
0.44008800000000003,-0.00999999999999801,-0.01499999999999968
0.45009,0.0,0.006999999999999673
0.460093,0.0,-0.006999999999999673
0.470094,0.0,0.0
0.4800960000000001,0.0,-0.0039999999999995595
0.490097,0.0,-0.0039999999999995595
0.500098,0.0,-0.01100000000000012
0.510099,0.0,0.0
0.5201,0.0,0.01100000000000012
0.5301020000000001,0.0,0.01100000000000012
0.540104,0.0,0.0
0.5501050000000001,0.0,-0.0039999999999995595
0.5601050000000001,0.0,0.0
0.570106,0.0,-0.01100000000000012
0.580106,0.00999999999999801,0.019000000000000128
0.590106,0.0,0.0039999999999995595
0.6001070000000001,0.0,-0.01100000000000012
0.610108,0.0,0.0039999999999995595
0.620109,0.0,-0.006999999999999673
0.630113,0.0,-0.01100000000000012
0.640113,0.0,-0.0039999999999995595
0.650113,0.0,-0.006999999999999673
0.6601130000000001,0.0,-0.0039999999999995595
0.6701130000000001,0.0,0.006999999999999673
0.6801130000000001,0.0,0.0039999999999995595
0.690114,0.0,0.0
0.700115,0.0,-0.0039999999999995595
0.7101190000000001,0.0,0.0039999999999995595
0.72012,0.0,-0.0039999999999995595
0.730121,0.00999999999999801,0.01499999999999968
0.740121,0.0,-0.006999999999999673
0.7501220000000001,0.0,0.0039999999999995595
0.760123,0.0,-0.006999999999999673
0.770124,0.0,-0.0039999999999995595
0.780124,0.0,0.0039999999999995595
0.7901250000000001,0.0,-0.006999999999999673
0.800127,0.0,-0.0039999999999995595
0.810127,0.0,0.0
0.8201280000000001,0.00999999999999801,0.0259999999999998
0.83013,0.0,0.0039999999999995595
0.8401310000000001,0.0,0.0
0.850133,0.0,-0.01100000000000012
0.8601340000000001,0.0,-0.006999999999999673
0.870135,-0.00999999999999801,-0.01499999999999968
0.880135,0.0,0.0
0.890136,0.0,0.0039999999999995595
0.9001370000000001,0.0,0.01100000000000012
0.910138,0.0,-0.006999999999999673
0.920139,0.0,0.0039999999999995595
0.930139,0.0,0.01100000000000012
0.9401390000000001,0.0,0.0039999999999995595
0.950141,0.0,-0.006999999999999673
0.9601419999999999,0.0,0.0
0.9701430000000001,0.0,0.0
0.9801430000000001,0.0,-0.01100000000000012
0.990144,0.0,0.01100000000000012
1.000144,0.0,0.0
1.0101449999999998,0.0,-0.006999999999999673
1.020147,0.0,0.0
1.030149,-0.00999999999999801,-0.01499999999999968
1.040154,0.0,0.0
1.050157,0.00999999999999801,0.01499999999999968
1.060158,0.0,0.0039999999999995595
1.070158,0.0,0.0
1.08016,0.0,-0.0039999999999995595
1.0901619999999999,0.0,-0.0039999999999995595
1.100163,0.0,-0.01100000000000012
1.110164,-0.00999999999999801,-0.01499999999999968
1.1201649999999999,0.0,-0.0039999999999995595
1.130166,0.0,0.0039999999999995595
1.140167,0.0,-0.0039999999999995595
1.1501679999999999,0.0,-0.0039999999999995595
1.1601679999999999,0.0,-0.006999999999999673
1.1701679999999999,0.0,0.0039999999999995595
1.1801679999999999,0.0,-0.0039999999999995595
1.190168,0.0,0.01100000000000012
1.200168,0.0,0.0
1.2101709999999999,0.0,0.0039999999999995595
1.2201719999999998,0.0,0.0039999999999995595
1.2301719999999998,0.0,-0.0039999999999995595
1.240173,0.0,-0.0039999999999995595
1.250173,0.0,-0.0039999999999995595
1.260174,0.0,0.0
1.2701749999999998,0.0,0.0
1.280176,0.0,0.006999999999999673
1.290177,0.0,0.0039999999999995595
1.3001779999999998,0.0,-0.0039999999999995595
1.310179,0.0,0.0
1.32018,0.00999999999999801,0.019000000000000128
1.3301809999999998,0.0,-0.006999999999999673
1.340182,-0.00999999999999801,-0.01499999999999968
1.350183,0.0,0.0
1.360183,0.0,0.0
1.3701839999999998,0.0,-0.01100000000000012
1.3801839999999999,0.0,0.006999999999999673
1.390185,0.0,0.01100000000000012
1.400186,0.0,-0.006999999999999673
1.410186,0.0,0.0
1.420186,0.0,0.01100000000000012
1.4301869999999999,0.0,0.006999999999999673
1.4401869999999999,0.0,0.0039999999999995595
1.450187,0.0,-0.0039999999999995595
1.460187,0.0,0.0
1.4701879999999998,0.0,0.0
1.480189,0.0,-0.0039999999999995595
1.490189,0.0,0.01100000000000012
1.50019,0.0,-0.006999999999999673
1.51019,0.00999999999999801,0.019000000000000128
1.52019,0.0,0.006999999999999673
1.5301909999999999,0.0,0.0
1.5402,0.0,0.01100000000000012
1.5502,0.0,-0.01100000000000012
1.560203,0.0,0.0039999999999995595
1.570203,0.0,-0.01100000000000012
1.580204,0.0,0.0
1.5902049999999999,0.0,0.0039999999999995595
1.6002049999999999,0.0,0.006999999999999673
1.6102049999999999,0.00999999999999801,0.01499999999999968
1.620205,0.0,0.0
1.6302059999999998,0.0,-0.006999999999999673
1.640207,0.0,0.006999999999999673
1.650207,0.0,0.0039999999999995595
1.660207,0.0,0.006999999999999673
1.670208,0.0,-0.0039999999999995595
1.680208,0.0,0.006999999999999673
1.6902089999999999,0.0,-0.006999999999999673
1.70021,0.0,-0.0039999999999995595
1.71021,0.0,0.0
1.72021,0.0,-0.006999999999999673
1.730211,0.0,0.0039999999999995595
1.7402119999999999,0.00999999999999801,0.01499999999999968
1.750214,0.0,-0.01100000000000012
1.760216,0.0,0.0039999999999995595
1.770216,-0.00999999999999801,-0.01499999999999968
1.780217,0.0,0.006999999999999673
1.7902179999999999,0.0,-0.0039999999999995595
1.800219,0.0,0.0039999999999995595
1.810219,0.0,-0.0039999999999995595
1.8202209999999999,0.0,0.006999999999999673
1.8302289999999999,0.0,-0.0039999999999995595
1.840229,0.0,-0.006999999999999673
1.8502299999999998,0.0,-0.0039999999999995595
1.860231,0.0,0.0039999999999995595
1.870231,-0.00999999999999801,-0.019000000000000128
1.880232,0.0,-0.01100000000000012
1.890232,0.0,0.0
1.900232,0.0,0.0
1.910232,0.0,-0.006999999999999673
1.9202329999999999,0.0,0.0
1.9302329999999999,0.0,0.0
1.9402329999999999,-0.00999999999999801,-0.019000000000000128
1.9502339999999998,0.0,0.006999999999999673
1.960234,0.0,-0.0039999999999995595
1.9702339999999998,0.0,-0.006999999999999673
1.9802349999999997,0.0,0.0
1.990235,0.00999999999999801,0.01499999999999968
2.000235,0.0,0.006999999999999673
2.0102360000000004,0.0,-0.0039999999999995595
2.0202400000000003,0.0,-0.006999999999999673
2.03024,0.0,0.0
2.040241,0.0,0.006999999999999673
2.0502420000000003,0.0,0.0
2.060242,0.0,0.0
2.070246,0.0,0.0039999999999995595
2.080247,0.0,0.0
2.0902480000000003,0.0,-0.0039999999999995595
2.100248,0.0,0.0
2.110249,0.0,0.006999999999999673
2.1202490000000003,0.0,0.0039999999999995595
2.13025,0.0,0.0039999999999995595
2.140251,0.0,-0.01100000000000012
2.150252,0.0,-0.006999999999999673
2.1602520000000003,0.0,-0.006999999999999673
2.170253,0.0,-0.0039999999999995595
2.180254,0.0,-0.0039999999999995595
2.190255,0.0,-0.0039999999999995595
2.200256,0.0,0.006999999999999673
2.210256,0.0,0.01100000000000012
2.220262,0.00999999999999801,0.01499999999999968
2.2302630000000003,0.0,-0.01100000000000012
2.2402640000000003,0.0,0.0039999999999995595
2.250265,0.0,0.0039999999999995595
2.260265,0.0,0.006999999999999673
2.2702660000000003,0.0,0.0
2.280266,0.0,0.006999999999999673
2.2902660000000004,0.0,-0.01100000000000012
2.3002670000000003,0.0,-0.01100000000000012
2.310268,0.0,-0.0039999999999995595
2.320268,0.0,-0.006999999999999673
2.3302680000000002,0.0,-0.0039999999999995595
2.340268,0.0,0.0
2.3502680000000002,0.0,0.0039999999999995595
2.360269,-0.00999999999999801,-0.01499999999999968
2.370269,0.0,-0.006999999999999673
2.380269,0.0,0.0
2.390273,0.0,0.01100000000000012
2.4002730000000003,0.0,0.0
2.4102740000000002,0.0,0.006999999999999673
2.420274,0.0,0.0
2.4302740000000003,-0.00999999999999801,-0.01499999999999968
2.440275,0.0,0.0
2.450275,0.0,0.0039999999999995595
2.4602760000000004,0.0,0.0
2.470276,0.0,-0.0039999999999995595
2.480276,0.0,-0.006999999999999673
2.4902770000000003,0.0,0.006999999999999673
2.500277,0.0,-0.01100000000000012
2.510278,0.0,0.0039999999999995595
2.52028,0.0,0.0
2.530281,0.0,0.0
2.540282,0.0,0.0039999999999995595
2.5502830000000003,0.0,0.006999999999999673
2.560285,0.0,0.0039999999999995595
2.570285,0.00999999999999801,0.01499999999999968
2.580285,0.0,-0.006999999999999673
2.5902860000000003,0.0,-0.0039999999999995595
2.600286,0.00999999999999801,0.0259999999999998
2.6102860000000003,0.0,0.0039999999999995595
2.6202870000000003,0.0,-0.0039999999999995595
2.630288,0.0,-0.0039999999999995595
2.640289,0.0,0.01100000000000012
2.65029,0.0,0.0
2.6602900000000003,0.0,0.0039999999999995595
2.670291,0.0,0.006999999999999673
2.6802930000000003,0.0,-0.01100000000000012
2.690294,0.0,0.006999999999999673
2.700294,0.0,-0.0039999999999995595
2.7103010000000003,0.0,0.0039999999999995595
2.720307,0.0,-0.006999999999999673
2.730308,0.0,-0.01100000000000012
2.740308,0.0,-0.006999999999999673
2.750309,0.0,0.0
2.7603090000000003,0.0,-0.0039999999999995595
2.770309,-0.00999999999999801,-0.01499999999999968
2.78031,0.0,-0.006999999999999673
2.790315,0.0,0.006999999999999673
2.800316,0.0,0.0
2.810317,0.0,0.006999999999999673
2.820317,0.0,0.006999999999999673
2.830317,0.0,-0.0039999999999995595
2.8403180000000003,0.0,-0.01100000000000012
2.850318,0.0,-0.0039999999999995595
2.860318,0.00999999999999801,0.01499999999999968
2.870318,0.0,0.01100000000000012
2.880319,0.0,0.006999999999999673
2.8903190000000003,0.030000000000001137,0.06700000000000017
2.900319,0.060000000000002274,0.1479999999999997
2.9103190000000003,0.060000000000002274,0.16000000000000014
2.920319,0.060000000000002274,0.15200000000000014
2.9303190000000003,0.03999999999999915,0.09999999999999964
2.9403200000000003,0.020000000000003126,0.05600000000000005
2.950321,0.00999999999999801,0.019000000000000128
2.960322,0.0,0.0039999999999995595
2.9703220000000004,-0.00999999999999801,-0.019000000000000128
2.980322,-0.00999999999999801,-0.01499999999999968
2.990322,-0.00999999999999801,-0.01499999999999968
3.0003230000000003,0.0,-0.006999999999999673
3.010323,-0.00999999999999801,-0.03000000000000025
3.0203230000000003,-0.020000000000003126,-0.04499999999999993
3.030323,-0.020000000000003126,-0.04800000000000004
3.0403230000000003,-0.00999999999999801,-0.03300000000000036
3.0503240000000003,-0.020000000000003126,-0.04499999999999993
3.060324,-0.00999999999999801,-0.03000000000000025
3.0703240000000003,0.0,-0.01100000000000012
3.080324,0.0,0.0039999999999995595
3.0903240000000003,0.0,-0.0039999999999995595
3.100325,0.0,0.0
3.110325,0.0,0.0
3.1203250000000002,-0.00999999999999801,-0.02200000000000024
3.130326,0.0,-0.0039999999999995595
3.140326,0.00999999999999801,0.019000000000000128
3.150326,0.0,0.01100000000000012
3.160327,0.0,-0.0039999999999995595
3.1703270000000003,0.0,-0.01100000000000012
3.1803280000000003,-0.00999999999999801,-0.0259999999999998
3.190329,-0.00999999999999801,-0.0259999999999998
3.200329,-0.020000000000003126,-0.04800000000000004
3.210329,-0.020000000000003126,-0.0519999999999996
3.220329,-0.030000000000001137,-0.06700000000000017
3.23033,-0.030000000000001137,-0.07399999999999984
3.2403310000000003,-0.020000000000003126,-0.0519999999999996
3.250331,-0.020000000000003126,-0.0519999999999996
3.260332,-0.020000000000003126,-0.04800000000000004
3.2703320000000002,-0.00999999999999801,-0.03300000000000036
3.280332,-0.00999999999999801,-0.03000000000000025
3.290333,-0.00999999999999801,-0.02200000000000024
3.300333,0.0,-0.006999999999999673
3.310333,0.0,0.0
3.320335,0.0,0.006999999999999673
3.3303350000000003,0.0,0.0
3.340335,0.0,0.0039999999999995595
3.350336,0.0,0.0
3.3603370000000004,0.0,0.006999999999999673
3.3703410000000003,-0.00999999999999801,-0.01499999999999968
3.380344,0.0,-0.006999999999999673
3.390346,0.00999999999999801,0.01499999999999968
3.400348,0.00999999999999801,0.0259999999999998
3.410349,0.00999999999999801,0.02200000000000024
3.420351,0.00999999999999801,0.019000000000000128
3.430352,0.00999999999999801,0.01499999999999968
3.440353,0.00999999999999801,0.0259999999999998
3.450355,0.0,-0.006999999999999673
3.460356,0.00999999999999801,0.019000000000000128
3.470356,0.00999999999999801,0.0259999999999998
3.480357,0.00999999999999801,0.02200000000000024
3.490358,0.00999999999999801,0.019000000000000128
3.500359,0.00999999999999801,0.03300000000000036
3.51036,0.020000000000003126,0.04800000000000004
3.52036,0.00999999999999801,0.03300000000000036
3.53036,0.020000000000003126,0.05900000000000016
3.5403610000000003,0.020000000000003126,0.04499999999999993
3.5503620000000002,0.020000000000003126,0.0519999999999996
3.560362,0.00999999999999801,0.03000000000000025
3.5703620000000003,0.00999999999999801,0.02200000000000024
3.580362,0.0,0.01100000000000012
3.590363,0.00999999999999801,0.02200000000000024
3.600363,0.020000000000003126,0.04499999999999993
3.610364,0.020000000000003126,0.04499999999999993
3.620365,0.020000000000003126,0.04499999999999993
3.630372,0.020000000000003126,0.05600000000000005
3.6403730000000003,0.020000000000003126,0.05900000000000016
3.650373,0.030000000000001137,0.08199999999999985
3.6603730000000003,0.030000000000001137,0.06700000000000017
3.670378,0.030000000000001137,0.07800000000000029
3.6803790000000003,0.030000000000001137,0.06700000000000017
3.690379,0.020000000000003126,0.05900000000000016
3.70038,0.030000000000001137,0.07399999999999984
3.710381,0.020000000000003126,0.06299999999999972
3.720381,0.03999999999999915,0.09600000000000009
3.730381,0.03999999999999915,0.09299999999999997
3.7403820000000003,0.03999999999999915,0.09299999999999997
3.750382,0.03999999999999915,0.09999999999999964
3.7603820000000003,0.03999999999999915,0.11099999999999977
3.7703830000000003,0.030000000000001137,0.08499999999999996
3.780383,0.030000000000001137,0.08499999999999996
3.7903830000000003,0.030000000000001137,0.07099999999999973
3.800384,0.030000000000001137,0.07800000000000029
3.810384,0.030000000000001137,0.07399999999999984
3.820386,0.03999999999999915,0.11099999999999977
3.830391,0.03999999999999915,0.11099999999999977
3.8403940000000003,0.03999999999999915,0.11500000000000021
3.850394,0.04999999999999716,0.12199999999999989
3.860395,0.03999999999999915,0.11899999999999977
3.870396,0.03999999999999915,0.10400000000000009
3.880396,0.03999999999999915,0.11099999999999977
3.890396,0.03999999999999915,0.10799999999999965
3.9003970000000003,0.04999999999999716,0.1299999999999999
3.910397,0.04999999999999716,0.13699999999999957
3.9203970000000004,0.060000000000002274,0.15200000000000014
3.9303980000000003,0.04999999999999716,0.12199999999999989
3.940398,0.04999999999999716,0.12600000000000033
3.950398,0.03999999999999915,0.11099999999999977
3.9603980000000005,0.04999999999999716,0.1299999999999999
3.9703980000000003,0.03999999999999915,0.11500000000000021
3.980398,0.03999999999999915,0.10799999999999965
3.990398,0.030000000000001137,0.08900000000000041
4.000398000000001,0.03999999999999915,0.09299999999999997
4.010398,0.03999999999999915,0.11899999999999977
4.020398,0.03999999999999915,0.09999999999999964
4.030398,0.03999999999999915,0.09600000000000009
4.040398,0.030000000000001137,0.08199999999999985
4.050398,0.03999999999999915,0.09600000000000009
4.060398,0.03999999999999915,0.10400000000000009
4.070398,0.03999999999999915,0.11099999999999977
4.080398,0.04999999999999716,0.12600000000000033
4.090399000000001,0.04999999999999716,0.1299999999999999
4.100399,0.03999999999999915,0.11899999999999977
4.110399,0.04999999999999716,0.12199999999999989
4.120399,0.03999999999999915,0.11899999999999977
4.130399,0.03999999999999915,0.09999999999999964
4.140399,0.030000000000001137,0.08900000000000041
4.1504,0.03999999999999915,0.09299999999999997
4.160401,0.03999999999999915,0.09600000000000009
4.170401,0.03999999999999915,0.09299999999999997
4.180401,0.03999999999999915,0.09600000000000009
4.1904010000000005,0.03999999999999915,0.10799999999999965
4.200401,0.03999999999999915,0.11099999999999977
4.210401,0.03999999999999915,0.11899999999999977
4.220401,0.03999999999999915,0.11500000000000021
4.2304010000000005,0.030000000000001137,0.08900000000000041
4.240401,0.030000000000001137,0.07399999999999984
4.250402,0.030000000000001137,0.07800000000000029
4.260402,0.03999999999999915,0.09299999999999997
4.270402,0.030000000000001137,0.08499999999999996
4.2804020000000005,0.03999999999999915,0.10400000000000009
4.290402,0.03999999999999915,0.11500000000000021
4.300402,0.03999999999999915,0.11899999999999977
4.310403,0.03999999999999915,0.11099999999999977
4.320405,0.03999999999999915,0.10400000000000009
4.330406,0.03999999999999915,0.10799999999999965
4.340406,0.03999999999999915,0.09999999999999964
4.350407000000001,0.03999999999999915,0.10799999999999965
4.360407,0.03999999999999915,0.09999999999999964
4.370407,0.030000000000001137,0.08499999999999996
4.380408,0.03999999999999915,0.10799999999999965
4.390408,0.03999999999999915,0.11099999999999977
4.4004080000000005,0.03999999999999915,0.09600000000000009
4.4104090000000005,0.030000000000001137,0.08900000000000041
4.420409,0.03999999999999915,0.10799999999999965
4.430409,0.03999999999999915,0.10400000000000009
4.440409,0.03999999999999915,0.10400000000000009
4.45041,0.03999999999999915,0.10799999999999965
4.460411000000001,0.03999999999999915,0.09600000000000009
4.470411,0.03999999999999915,0.11099999999999977
4.480412,0.04999999999999716,0.1299999999999999
4.490412,0.03999999999999915,0.11899999999999977
4.500412,0.03999999999999915,0.09999999999999964
4.510413,0.030000000000001137,0.08499999999999996
4.5204200000000005,0.020000000000003126,0.06299999999999972
4.53042,0.030000000000001137,0.08900000000000041
4.540421,0.030000000000001137,0.08499999999999996
4.550422,0.030000000000001137,0.08900000000000041
4.560422,0.030000000000001137,0.08499999999999996
4.570423,0.03999999999999915,0.10400000000000009
4.580423000000001,0.03999999999999915,0.09999999999999964
4.590423,0.03999999999999915,0.09600000000000009
4.600423,0.03999999999999915,0.09299999999999997
4.610423,0.03999999999999915,0.09299999999999997
4.620423,0.03999999999999915,0.10400000000000009
4.630423,0.030000000000001137,0.08900000000000041
4.640423,0.030000000000001137,0.06700000000000017
4.650423,0.030000000000001137,0.08199999999999985
4.660423,0.030000000000001137,0.07099999999999973
4.670423,0.030000000000001137,0.07099999999999973
4.680423,0.030000000000001137,0.07800000000000029
4.690423,0.020000000000003126,0.06299999999999972
4.700423,0.020000000000003126,0.05900000000000016
4.7104230000000005,0.020000000000003126,0.04800000000000004
4.720423,0.020000000000003126,0.04499999999999993
4.730423,0.020000000000003126,0.06299999999999972
4.740423,0.020000000000003126,0.04100000000000037
4.7504230000000005,0.020000000000003126,0.04499999999999993
4.760424,0.00999999999999801,0.03300000000000036
4.770424,0.020000000000003126,0.04100000000000037
4.780424,0.00999999999999801,0.0259999999999998
4.790424,0.00999999999999801,0.03000000000000025
4.800425,0.020000000000003126,0.04100000000000037
4.810428,0.020000000000003126,0.0519999999999996
4.820428,0.020000000000003126,0.04100000000000037
4.8304290000000005,0.020000000000003126,0.04499999999999993
4.840429,0.020000000000003126,0.04800000000000004
4.850429,0.020000000000003126,0.05600000000000005
4.86043,0.020000000000003126,0.05600000000000005
4.87043,0.020000000000003126,0.0519999999999996
4.8804300000000005,0.020000000000003126,0.04800000000000004
4.890431,0.020000000000003126,0.04800000000000004
4.900432,0.020000000000003126,0.0519999999999996
4.910432,0.020000000000003126,0.06299999999999972
4.920432,0.030000000000001137,0.07399999999999984
4.930433,0.030000000000001137,0.06700000000000017
4.9404330000000005,0.030000000000001137,0.08499999999999996
4.9504340000000004,0.030000000000001137,0.07399999999999984
4.960435,0.030000000000001137,0.06700000000000017
4.970435,0.030000000000001137,0.07800000000000029
4.980435,0.030000000000001137,0.07399999999999984
4.990436,0.030000000000001137,0.07399999999999984
5.0004360000000005,0.03999999999999915,0.09299999999999997
5.010436,0.030000000000001137,0.08199999999999985
5.020437,0.030000000000001137,0.08199999999999985
5.030437,0.030000000000001137,0.07800000000000029
5.040437,0.030000000000001137,0.07800000000000029
5.050438,0.030000000000001137,0.07399999999999984
5.060438,0.030000000000001137,0.07399999999999984
5.070438,0.030000000000001137,0.07399999999999984
5.080442000000001,0.030000000000001137,0.07099999999999973
5.090442,0.030000000000001137,0.08499999999999996
5.100442,0.030000000000001137,0.08499999999999996
5.110442,0.030000000000001137,0.07399999999999984
5.120442,0.03999999999999915,0.09299999999999997
5.130442,0.03999999999999915,0.09299999999999997
5.140442,0.020000000000003126,0.06299999999999972
5.150442,0.030000000000001137,0.06700000000000017
5.160442,0.030000000000001137,0.06700000000000017
5.170442,0.020000000000003126,0.0519999999999996
5.180442,0.020000000000003126,0.05900000000000016
5.190442,0.020000000000003126,0.06299999999999972
5.200442,0.020000000000003126,0.0519999999999996
5.2104420000000005,0.00999999999999801,0.03699999999999992
5.220442,0.00999999999999801,0.03699999999999992
5.230442,0.00999999999999801,0.02200000000000024
5.240442,0.00999999999999801,0.01499999999999968
5.2504420000000005,0.00999999999999801,0.0259999999999998
5.260442,0.00999999999999801,0.0259999999999998
5.270442,0.00999999999999801,0.0259999999999998
5.280442,0.00999999999999801,0.03699999999999992
5.2904420000000005,0.00999999999999801,0.02200000000000024
5.300442,0.00999999999999801,0.03000000000000025
5.310443,0.020000000000003126,0.0519999999999996
5.320443,0.020000000000003126,0.04800000000000004
5.330443,0.00999999999999801,0.03699999999999992
5.3404430000000005,0.020000000000003126,0.05900000000000016
5.350443,0.030000000000001137,0.07099999999999973
5.360443,0.030000000000001137,0.08199999999999985
5.370443,0.030000000000001137,0.08199999999999985
5.3804430000000005,0.03999999999999915,0.09299999999999997
5.390443,0.030000000000001137,0.08900000000000041
5.400443,0.03999999999999915,0.09600000000000009
5.410443,0.030000000000001137,0.08199999999999985
5.420444,0.03999999999999915,0.09600000000000009
5.4304440000000005,0.030000000000001137,0.07099999999999973
5.440445,0.030000000000001137,0.08900000000000041
5.450445,0.03999999999999915,0.10799999999999965
5.460446,0.03999999999999915,0.10400000000000009
5.470446,0.03999999999999915,0.10400000000000009
5.480447,0.04999999999999716,0.12600000000000033
5.4904470000000005,0.03999999999999915,0.09999999999999964
5.5004480000000004,0.04999999999999716,0.1299999999999999
5.510448,0.04999999999999716,0.12600000000000033
5.520449,0.04999999999999716,0.12199999999999989
5.53045,0.04999999999999716,0.14499999999999957
5.54045,0.060000000000002274,0.15200000000000014
5.5504500000000005,0.060000000000002274,0.1479999999999997
5.5604510000000005,0.04999999999999716,0.1299999999999999
5.570455,0.03999999999999915,0.11899999999999977
5.580455,0.03999999999999915,0.11099999999999977
5.590455,0.030000000000001137,0.08499999999999996
5.600463,0.03999999999999915,0.11099999999999977
5.610463,0.030000000000001137,0.07800000000000029
5.620463,0.03999999999999915,0.09999999999999964
5.630463,0.030000000000001137,0.08900000000000041
5.6404630000000004,0.030000000000001137,0.08900000000000041
5.650463,0.030000000000001137,0.07399999999999984
5.660463,0.03999999999999915,0.09600000000000009
5.670463,0.03999999999999915,0.09600000000000009
5.6804630000000005,0.030000000000001137,0.08900000000000041
5.690463,0.030000000000001137,0.08199999999999985
5.700463,0.030000000000001137,0.08499999999999996
5.710463,0.030000000000001137,0.07399999999999984
5.720464,0.020000000000003126,0.05600000000000005
5.7304640000000004,0.020000000000003126,0.0519999999999996
5.740464,0.00999999999999801,0.03300000000000036
5.750464,0.020000000000003126,0.05600000000000005
5.760464,0.00999999999999801,0.03699999999999992
5.770465,0.020000000000003126,0.04499999999999993
5.7804660000000005,0.020000000000003126,0.0519999999999996
5.790466,0.030000000000001137,0.07399999999999984
5.800466,0.030000000000001137,0.06700000000000017
5.810466,0.030000000000001137,0.07399999999999984
5.820466,0.030000000000001137,0.07099999999999973
5.830466,0.030000000000001137,0.07099999999999973
5.840466,0.030000000000001137,0.06700000000000017
5.850466,0.030000000000001137,0.07399999999999984
5.860466,0.030000000000001137,0.08900000000000041
5.870466,0.03999999999999915,0.09299999999999997
5.880466,0.030000000000001137,0.08199999999999985
5.890466,0.03999999999999915,0.09299999999999997
5.900466,0.030000000000001137,0.07099999999999973
5.910466,0.03999999999999915,0.10799999999999965
5.920466,0.03999999999999915,0.09600000000000009
5.930466,0.03999999999999915,0.10799999999999965
5.940469,0.03999999999999915,0.09600000000000009
5.95047,0.03999999999999915,0.10799999999999965
5.96047,0.03999999999999915,0.11099999999999977
5.97047,0.03999999999999915,0.11099999999999977
5.98047,0.060000000000002274,0.1479999999999997
5.99047,0.060000000000002274,0.16699999999999982
6.00047,0.07000000000000028,0.18599999999999994
6.010471,0.07000000000000028,0.17799999999999994
6.020471000000001,0.0799999999999983,0.20800000000000018
6.030471,0.09000000000000341,0.23000000000000043
6.040471,0.10000000000000142,0.2560000000000002
6.050471,0.10999999999999943,0.29300000000000015
6.060471,0.11999999999999744,0.3120000000000003
6.070471,0.11999999999999744,0.31899999999999995
6.080471,0.13000000000000256,0.35599999999999987
6.090471,0.14999999999999858,0.3860000000000001
6.100475,0.1599999999999966,0.4189999999999996
6.110476,0.14999999999999858,0.3860000000000001
6.120476,0.14000000000000057,0.3600000000000003
6.130476,0.10999999999999943,0.30100000000000016
6.1404760000000005,0.0799999999999983,0.21199999999999974
6.150476,0.07000000000000028,0.18599999999999994
6.160476,0.060000000000002274,0.16699999999999982
6.170477,0.07000000000000028,0.18200000000000038
6.180477,0.060000000000002274,0.16000000000000014
6.1904770000000005,0.060000000000002274,0.1559999999999997
6.200478,0.07000000000000028,0.18200000000000038
6.210478,0.0799999999999983,0.20800000000000018
6.220478,0.0799999999999983,0.21199999999999974
6.230478,0.0799999999999983,0.21499999999999986
6.240478,0.0799999999999983,0.21499999999999986
6.250478,0.0799999999999983,0.21499999999999986
6.260478,0.09000000000000341,0.23399999999999999
6.270479,0.0799999999999983,0.22299999999999986
6.280479,0.09000000000000341,0.23399999999999999
6.290479,0.09000000000000341,0.23399999999999999
6.300479,0.09000000000000341,0.23000000000000043
6.310479,0.0799999999999983,0.21499999999999986
6.320479,0.0799999999999983,0.20000000000000018
6.3304800000000006,0.0799999999999983,0.20399999999999974
6.34048,0.0799999999999983,0.20399999999999974
6.35048,0.0799999999999983,0.20800000000000018
6.36048,0.0799999999999983,0.21199999999999974
6.37048,0.07000000000000028,0.18900000000000006
6.3804810000000005,0.09000000000000341,0.22599999999999998
6.390482,0.09000000000000341,0.2450000000000001
6.400483,0.09000000000000341,0.22599999999999998
6.410483,0.09000000000000341,0.22599999999999998
6.420483,0.0799999999999983,0.20800000000000018
6.430484,0.0799999999999983,0.21199999999999974
6.4404840000000005,0.09000000000000341,0.22599999999999998
6.450484,0.0799999999999983,0.21199999999999974
6.460484,0.09000000000000341,0.22599999999999998
6.470484,0.09000000000000341,0.24899999999999967
6.480485,0.10000000000000142,0.2599999999999998
6.4904850000000005,0.11999999999999744,0.30799999999999983
6.500486,0.10999999999999943,0.29300000000000015
6.510486,0.0799999999999983,0.21199999999999974
6.520486,0.060000000000002274,0.15200000000000014
6.530486,0.03999999999999915,0.09999999999999964
6.5404860000000005,0.030000000000001137,0.08900000000000041
6.550486,0.020000000000003126,0.06299999999999972
6.560486,0.030000000000001137,0.07099999999999973
6.570486,0.030000000000001137,0.07099999999999973
6.5804860000000005,0.03999999999999915,0.10400000000000009
6.590487,0.03999999999999915,0.11099999999999977
6.600487,0.03999999999999915,0.09999999999999964
6.610487,0.04999999999999716,0.14100000000000001
6.620488,0.04999999999999716,0.13699999999999957
6.630488,0.04999999999999716,0.13400000000000034
6.640488,0.060000000000002274,0.1479999999999997
6.650489,0.04999999999999716,0.13400000000000034
6.660489,0.03999999999999915,0.11500000000000021
6.670489,0.04999999999999716,0.13699999999999957
6.68049,0.060000000000002274,0.16300000000000026
6.6904900000000005,0.060000000000002274,0.1559999999999997
6.70049,0.04999999999999716,0.13699999999999957
6.71049,0.04999999999999716,0.1299999999999999
6.720491,0.03999999999999915,0.11500000000000021
6.730491,0.04999999999999716,0.13699999999999957
6.740492,0.04999999999999716,0.13699999999999957
6.7504930000000005,0.04999999999999716,0.14499999999999957
6.760493,0.060000000000002274,0.16699999999999982
6.770493,0.060000000000002274,0.1479999999999997
6.780494,0.04999999999999716,0.14100000000000001
6.790494,0.03999999999999915,0.11500000000000021
6.800499,0.03999999999999915,0.11099999999999977
6.8105,0.03999999999999915,0.09999999999999964
6.8205,0.030000000000001137,0.08199999999999985
6.8305,0.030000000000001137,0.07099999999999973
6.840501,0.030000000000001137,0.08499999999999996
6.850501,0.030000000000001137,0.08499999999999996
6.860501,0.03999999999999915,0.09299999999999997
6.870501,0.020000000000003126,0.04800000000000004
6.880502,0.020000000000003126,0.05900000000000016
6.890502000000001,0.020000000000003126,0.05900000000000016
6.900502,0.020000000000003126,0.05600000000000005
6.910503,0.03999999999999915,0.09299999999999997
6.920503,0.03999999999999915,0.09600000000000009
6.930503,0.03999999999999915,0.10400000000000009
6.940504,0.03999999999999915,0.10799999999999965
6.950505,0.03999999999999915,0.10400000000000009
6.9605060000000005,0.03999999999999915,0.10799999999999965
6.970506,0.04999999999999716,0.1299999999999999
6.980506,0.060000000000002274,0.17100000000000026
6.990507,0.060000000000002274,0.16699999999999982
7.000508,0.07000000000000028,0.18599999999999994
7.010509,0.07000000000000028,0.19700000000000006
7.0205090000000006,0.0799999999999983,0.20000000000000018
7.0305100000000005,0.0799999999999983,0.20800000000000018
7.04051,0.07000000000000028,0.17799999999999994
7.05051,0.060000000000002274,0.1479999999999997
7.06051,0.04999999999999716,0.13699999999999957
7.0705100000000005,0.03999999999999915,0.10400000000000009
7.080511,0.030000000000001137,0.08499999999999996
7.090511,0.020000000000003126,0.06299999999999972
7.100512,0.030000000000001137,0.07399999999999984
7.110512,0.020000000000003126,0.05900000000000016
7.120512,0.020000000000003126,0.05900000000000016
7.1305130000000005,0.030000000000001137,0.07099999999999973
7.140513,0.030000000000001137,0.07099999999999973
7.150514,0.030000000000001137,0.06700000000000017
7.160515,0.020000000000003126,0.05600000000000005
7.170516,0.020000000000003126,0.0519999999999996
7.180516,0.00999999999999801,0.03699999999999992
7.190516000000001,0.020000000000003126,0.0519999999999996
7.200516,0.020000000000003126,0.05900000000000016
7.210516,0.020000000000003126,0.05900000000000016
7.220516,0.030000000000001137,0.07800000000000029
7.230517,0.030000000000001137,0.08900000000000041
7.2405170000000005,0.03999999999999915,0.09600000000000009
7.250517,0.03999999999999915,0.11500000000000021
7.260518,0.03999999999999915,0.11099999999999977
7.270518,0.04999999999999716,0.12199999999999989
7.2805230000000005,0.04999999999999716,0.14100000000000001
7.2905240000000004,0.060000000000002274,0.15200000000000014
7.300524,0.060000000000002274,0.15200000000000014
7.310524,0.04999999999999716,0.12600000000000033
7.320525,0.03999999999999915,0.09999999999999964
7.330525,0.03999999999999915,0.09600000000000009
7.340525,0.03999999999999915,0.09299999999999997
7.350526,0.03999999999999915,0.09299999999999997
7.360526,0.03999999999999915,0.11899999999999977
7.370527,0.04999999999999716,0.12199999999999989
7.380527,0.03999999999999915,0.09999999999999964
7.390528,0.03999999999999915,0.10799999999999965
7.400528,0.030000000000001137,0.08499999999999996
7.410528,0.030000000000001137,0.07800000000000029
7.420529,0.030000000000001137,0.07399999999999984
7.430529,0.020000000000003126,0.05900000000000016
7.440531,0.030000000000001137,0.07800000000000029
7.450531,0.020000000000003126,0.06299999999999972
7.4605310000000005,0.030000000000001137,0.08199999999999985
7.470531,0.030000000000001137,0.07399999999999984
7.480532,0.020000000000003126,0.06299999999999972
7.490532,0.030000000000001137,0.07099999999999973
7.500532,0.030000000000001137,0.06700000000000017
7.510532,0.030000000000001137,0.07800000000000029
7.520532,0.03999999999999915,0.09600000000000009
7.530532,0.03999999999999915,0.10799999999999965
7.540532,0.03999999999999915,0.11500000000000021
7.5505320000000005,0.03999999999999915,0.09999999999999964
7.560532,0.03999999999999915,0.11500000000000021
7.570532,0.03999999999999915,0.11899999999999977
7.580533,0.03999999999999915,0.11500000000000021
7.590533,0.03999999999999915,0.09600000000000009
7.600533,0.03999999999999915,0.09299999999999997
7.610533,0.030000000000001137,0.08499999999999996
7.620533,0.03999999999999915,0.10799999999999965
7.630533,0.03999999999999915,0.11500000000000021
7.640534,0.030000000000001137,0.08199999999999985
7.650534,0.030000000000001137,0.08199999999999985
7.660534,0.030000000000001137,0.08499999999999996
7.670534,0.030000000000001137,0.07099999999999973
7.680534,0.03999999999999915,0.09600000000000009
7.690534,0.03999999999999915,0.09999999999999964
7.700534,0.04999999999999716,0.12600000000000033
7.710535,0.04999999999999716,0.12600000000000033
7.720535,0.03999999999999915,0.10400000000000009
7.730535,0.03999999999999915,0.10799999999999965
7.7405360000000005,0.04999999999999716,0.12199999999999989
7.750536,0.04999999999999716,0.12600000000000033
7.760536,0.060000000000002274,0.16000000000000014
7.770537,0.060000000000002274,0.16699999999999982
7.780537,0.060000000000002274,0.16699999999999982
7.7905370000000005,0.07000000000000028,0.19700000000000006
7.800537,0.0799999999999983,0.20800000000000018
7.810537,0.0799999999999983,0.20399999999999974
7.820537,0.060000000000002274,0.16300000000000026
7.8305370000000005,0.04999999999999716,0.12600000000000033
7.8405380000000005,0.03999999999999915,0.11899999999999977
7.850538,0.030000000000001137,0.07399999999999984
7.860538,0.030000000000001137,0.07099999999999973
7.870539,0.020000000000003126,0.06299999999999972
7.880539,0.020000000000003126,0.04499999999999993
7.890539,0.020000000000003126,0.04499999999999993
7.90054,0.00999999999999801,0.03300000000000036
7.91054,0.020000000000003126,0.06299999999999972
7.92054,0.020000000000003126,0.04800000000000004
7.930541,0.020000000000003126,0.0519999999999996
7.9405410000000005,0.020000000000003126,0.05600000000000005
7.950542,0.020000000000003126,0.0519999999999996
7.960542,0.020000000000003126,0.05900000000000016
7.970542999999999,0.020000000000003126,0.05900000000000016
7.980543000000001,0.020000000000003126,0.05600000000000005
7.990543000000001,0.030000000000001137,0.06700000000000017
8.000544,0.030000000000001137,0.08499999999999996
8.010544,0.030000000000001137,0.06700000000000017
8.020544000000001,0.020000000000003126,0.06299999999999972
8.030545,0.030000000000001137,0.08900000000000041
8.040545,0.030000000000001137,0.06700000000000017
8.050545,0.030000000000001137,0.08900000000000041
8.060546,0.030000000000001137,0.08900000000000041
8.070546,0.030000000000001137,0.08199999999999985
8.080546,0.030000000000001137,0.08199999999999985
8.090547,0.03999999999999915,0.09600000000000009
8.100547,0.03999999999999915,0.09999999999999964
8.110547,0.04999999999999716,0.12600000000000033
8.120547,0.04999999999999716,0.12199999999999989
8.130547,0.04999999999999716,0.13400000000000034
8.140547,0.060000000000002274,0.1479999999999997
8.150547,0.060000000000002274,0.15200000000000014
8.160547,0.060000000000002274,0.1559999999999997
8.170547000000001,0.04999999999999716,0.1299999999999999
8.180547,0.04999999999999716,0.12600000000000033
8.190547,0.04999999999999716,0.1299999999999999
8.200547,0.03999999999999915,0.11500000000000021
8.210547,0.03999999999999915,0.10799999999999965
8.220547,0.04999999999999716,0.12600000000000033
8.230547,0.060000000000002274,0.1479999999999997
8.240547,0.03999999999999915,0.11500000000000021
8.250548,0.03999999999999915,0.11500000000000021
8.260548,0.03999999999999915,0.11500000000000021
8.270548,0.03999999999999915,0.09299999999999997
8.280548,0.030000000000001137,0.08900000000000041
8.290548,0.030000000000001137,0.08499999999999996
8.300548000000001,0.030000000000001137,0.08199999999999985
8.310548,0.03999999999999915,0.09299999999999997
8.320549,0.030000000000001137,0.07099999999999973
8.33055,0.020000000000003126,0.04800000000000004
8.34055,0.020000000000003126,0.04100000000000037
8.35055,0.00999999999999801,0.0259999999999998
8.360551000000001,0.0,0.0039999999999995595
8.370551,0.0,-0.0039999999999995595
8.380552,0.0,-0.01100000000000012
8.390552,0.0,0.0039999999999995595
8.400552,0.0,0.0039999999999995595
8.410553,-0.00999999999999801,-0.019000000000000128
8.420554000000001,0.0,0.006999999999999673
8.430554,0.0,0.0039999999999995595
8.440555,0.0,-0.006999999999999673
8.450556,0.0,0.0
8.460556,-0.00999999999999801,-0.03000000000000025
8.470556,-0.020000000000003126,-0.06299999999999972
8.480557000000001,-0.020000000000003126,-0.05900000000000016
8.490557,-0.030000000000001137,-0.07399999999999984
8.500557,-0.030000000000001137,-0.07800000000000029
8.510558,-0.03999999999999915,-0.10400000000000009
8.520558,-0.03999999999999915,-0.11099999999999977
8.530558000000001,-0.060000000000002274,-0.16699999999999982
8.540558,-0.0799999999999983,-0.20800000000000018
8.550558,-0.09000000000000341,-0.24099999999999966
8.560558,-0.10000000000000142,-0.2519999999999998
8.570558,-0.09000000000000341,-0.2450000000000001
8.580558,-0.09000000000000341,-0.24899999999999967
8.590558,-0.10000000000000142,-0.2519999999999998
8.600558,-0.10999999999999943,-0.2969999999999997
8.610558,-0.11999999999999744,-0.3230000000000004
8.620558,-0.13000000000000256,-0.3410000000000002
8.630558,-0.13000000000000256,-0.3380000000000001
8.640559,-0.11999999999999744,-0.3150000000000004
8.650559,-0.10999999999999943,-0.2859999999999996
8.660559000000001,-0.10999999999999943,-0.2889999999999997
8.67056,-0.10000000000000142,-0.2560000000000002
8.68056,-0.10999999999999943,-0.2779999999999996
8.690562,-0.10000000000000142,-0.2709999999999999
8.700562,-0.13000000000000256,-0.3380000000000001
8.710562,-0.14000000000000057,-0.3780000000000001
8.720562,-0.14999999999999858,-0.3899999999999997
8.730563,-0.14000000000000057,-0.3780000000000001
8.740563,-0.13000000000000256,-0.3380000000000001
8.750563,-0.13000000000000256,-0.3410000000000002
8.760563,-0.14000000000000057,-0.367
8.770563000000001,-0.14000000000000057,-0.37100000000000044
8.780563,-0.13000000000000256,-0.34499999999999975
8.790563,-0.1599999999999966,-0.4299999999999997
8.800564,-0.13000000000000256,-0.35299999999999976
8.810564,-0.1599999999999966,-0.42300000000000004
8.820565,-0.14999999999999858,-0.4009999999999998
8.830565,-0.1599999999999966,-0.43400000000000016
8.840565,-0.18999999999999773,-0.4969999999999999
8.850565,-0.17999999999999972,-0.46799999999999997
8.860565,-0.14999999999999858,-0.39700000000000024
8.870565000000001,-0.11999999999999744,-0.30799999999999983
8.880565,-0.13000000000000256,-0.35599999999999987
8.890565,-0.1599999999999966,-0.4269999999999996
8.900566,-0.1599999999999966,-0.42300000000000004
8.910566,-0.1700000000000017,-0.44200000000000017
8.920567,-0.1599999999999966,-0.41600000000000037
8.930569,-0.1599999999999966,-0.4269999999999996
8.940569,-0.14999999999999858,-0.3929999999999998
8.950569,-0.17999999999999972,-0.4710000000000001
8.96057,-0.18999999999999773,-0.5010000000000003
8.97057,-0.17999999999999972,-0.4820000000000002
8.98057,-0.18999999999999773,-0.5010000000000003
8.990571000000001,-0.18999999999999773,-0.5010000000000003
9.000576,-0.18999999999999773,-0.5049999999999999
9.010576,-0.17999999999999972,-0.4900000000000002
9.020576,-0.14000000000000057,-0.3819999999999997
9.030576,-0.11999999999999744,-0.3120000000000003
9.040576,-0.11999999999999744,-0.3120000000000003
9.050576,-0.13000000000000256,-0.3380000000000001
9.060576,-0.13000000000000256,-0.3410000000000002
9.070576,-0.14000000000000057,-0.367
9.080576,-0.14000000000000057,-0.375
9.090577,-0.13000000000000256,-0.3490000000000002
9.100577,-0.1599999999999966,-0.4119999999999999
9.110577,-0.13000000000000256,-0.3410000000000002
9.120577,-0.1599999999999966,-0.4119999999999999
9.130577,-0.14000000000000057,-0.3819999999999997
9.140577,-0.14000000000000057,-0.3600000000000003
9.150578,-0.13000000000000256,-0.35299999999999976
9.160578000000001,-0.11999999999999744,-0.3120000000000003
9.170578,-0.10999999999999943,-0.30400000000000027
9.180578,-0.10999999999999943,-0.2779999999999996
9.190578,-0.11999999999999744,-0.30799999999999983
9.200594,-0.13000000000000256,-0.35299999999999976
9.210594,-0.14000000000000057,-0.367
9.220594,-0.11999999999999744,-0.3120000000000003
9.230594,-0.14000000000000057,-0.3600000000000003
9.240594,-0.10000000000000142,-0.2599999999999998
9.250594,-0.10000000000000142,-0.2519999999999998
9.260594,-0.10000000000000142,-0.2629999999999999
9.270594000000001,-0.09000000000000341,-0.2450000000000001
9.280595,-0.09000000000000341,-0.23000000000000043
9.290595,-0.10000000000000142,-0.2599999999999998
9.300596,-0.10999999999999943,-0.2779999999999996
9.310596,-0.11999999999999744,-0.3150000000000004
9.320596,-0.13000000000000256,-0.35299999999999976
9.330596,-0.13000000000000256,-0.3490000000000002
9.340596,-0.14000000000000057,-0.3600000000000003
9.350596,-0.13000000000000256,-0.3410000000000002
9.360596,-0.11999999999999744,-0.3230000000000004
9.370598,-0.11999999999999744,-0.32699999999999996
9.380598,-0.11999999999999744,-0.3150000000000004
9.390598,-0.11999999999999744,-0.32699999999999996
9.400598,-0.13000000000000256,-0.33399999999999963
9.410599,-0.13000000000000256,-0.34499999999999975
9.420599,-0.13000000000000256,-0.3380000000000001
9.430599,-0.14999999999999858,-0.3899999999999997
9.4406,-0.1599999999999966,-0.4299999999999997
9.450609,-0.1700000000000017,-0.44899999999999984
9.460609,-0.14000000000000057,-0.375
9.470609,-0.14000000000000057,-0.3639999999999999
9.480609,-0.13000000000000256,-0.3410000000000002
9.490609000000001,-0.13000000000000256,-0.34499999999999975
9.500609,-0.14000000000000057,-0.37100000000000044
9.51061,-0.1599999999999966,-0.4299999999999997
9.52061,-0.1599999999999966,-0.42300000000000004
9.53061,-0.1700000000000017,-0.44899999999999984
9.540613,-0.1599999999999966,-0.4299999999999997
9.550613,-0.1700000000000017,-0.4450000000000003
9.560613,-0.1700000000000017,-0.4450000000000003
9.570613,-0.1700000000000017,-0.4450000000000003
9.580613,-0.1599999999999966,-0.4119999999999999
9.590613,-0.1599999999999966,-0.43400000000000016
9.600614,-0.1700000000000017,-0.4530000000000003
9.610614,-0.1700000000000017,-0.4560000000000004
9.620614,-0.17999999999999972,-0.4790000000000001
9.630614,-0.1700000000000017,-0.45999999999999996
9.640615,-0.1599999999999966,-0.4189999999999996
9.650615,-0.14000000000000057,-0.3780000000000001
9.660615,-0.14999999999999858,-0.3899999999999997
9.670616,-0.1599999999999966,-0.42300000000000004
9.680621,-0.1599999999999966,-0.4269999999999996
9.690621,-0.14999999999999858,-0.3860000000000001
9.700623,-0.14000000000000057,-0.3639999999999999
9.710623,-0.13000000000000256,-0.35599999999999987
9.720623,-0.14999999999999858,-0.3860000000000001
9.730624,-0.14999999999999858,-0.40800000000000036
9.740629,-0.1700000000000017,-0.44200000000000017
9.750629,-0.1599999999999966,-0.4189999999999996
9.760629,-0.1599999999999966,-0.42300000000000004
9.770629,-0.1599999999999966,-0.4119999999999999
9.780629,-0.14000000000000057,-0.37100000000000044
9.79063,-0.14999999999999858,-0.3899999999999997
9.80063,-0.14999999999999858,-0.4039999999999999
9.81063,-0.14000000000000057,-0.37100000000000044
9.82063,-0.13000000000000256,-0.3380000000000001
9.83063,-0.14000000000000057,-0.375
9.84063,-0.14999999999999858,-0.4039999999999999
9.85063,-0.1599999999999966,-0.43400000000000016
9.86063,-0.17999999999999972,-0.4710000000000001
9.87063,-0.18999999999999773,-0.5010000000000003
9.88063,-0.1700000000000017,-0.4379999999999997
9.89063,-0.1599999999999966,-0.42300000000000004
9.90063,-0.1599999999999966,-0.4119999999999999
9.91063,-0.14999999999999858,-0.3899999999999997
9.920630000000001,-0.14000000000000057,-0.3600000000000003
9.93063,-0.14000000000000057,-0.3600000000000003
9.94063,-0.13000000000000256,-0.34499999999999975
9.950631,-0.13000000000000256,-0.3410000000000002
9.960631,-0.14999999999999858,-0.3899999999999997
9.970631000000001,-0.14999999999999858,-0.4039999999999999
9.980631,-0.1599999999999966,-0.4119999999999999
9.990631,-0.1599999999999966,-0.42300000000000004
10.000631,-0.1599999999999966,-0.41600000000000037
10.010631,-0.1599999999999966,-0.4119999999999999
10.020631,-0.14999999999999858,-0.39700000000000024
10.030631,-0.13000000000000256,-0.33399999999999963
10.040631,-0.10999999999999943,-0.2859999999999996
10.050632,-0.09000000000000341,-0.24099999999999966
10.060632,-0.09000000000000341,-0.22599999999999998
10.070632,-0.09000000000000341,-0.2370000000000001
10.080633,-0.09000000000000341,-0.24899999999999967
10.090633,-0.09000000000000341,-0.23000000000000043
10.100633,-0.07000000000000028,-0.19700000000000006
10.110633,-0.060000000000002274,-0.16300000000000026
10.120633,-0.03999999999999915,-0.11500000000000021
10.130633,-0.030000000000001137,-0.07800000000000029
10.140633,-0.00999999999999801,-0.03000000000000025
10.150633000000001,0.0,-0.006999999999999673
10.160633,0.0,-0.0039999999999995595
10.170633,0.0,0.0039999999999995595
10.180634,-0.00999999999999801,-0.03699999999999992
10.190634,-0.00999999999999801,-0.01499999999999968
10.200634,-0.00999999999999801,-0.03699999999999992
10.210634,-0.020000000000003126,-0.04800000000000004
10.220634,-0.030000000000001137,-0.07099999999999973
10.230634,-0.030000000000001137,-0.07099999999999973
10.240635,-0.030000000000001137,-0.08900000000000041
10.250636,-0.04999999999999716,-0.12199999999999989
10.260636,-0.060000000000002274,-0.1559999999999997
10.270637,-0.07000000000000028,-0.18900000000000006
10.280638,-0.09000000000000341,-0.2370000000000001
10.290638,-0.09000000000000341,-0.24899999999999967
10.300638,-0.10999999999999943,-0.28200000000000003
10.310639,-0.10999999999999943,-0.30100000000000016
10.320639,-0.11999999999999744,-0.31899999999999995
10.33064,-0.14000000000000057,-0.367
10.34064,-0.14999999999999858,-0.3860000000000001
10.350641,-0.1599999999999966,-0.41600000000000037
10.360641,-0.14999999999999858,-0.4009999999999998
10.370642,-0.1599999999999966,-0.42300000000000004
10.380648,-0.14000000000000057,-0.3819999999999997
10.390648,-0.14999999999999858,-0.3899999999999997
10.400649,-0.14999999999999858,-0.40800000000000036
10.410649,-0.14000000000000057,-0.375
10.42065,-0.14999999999999858,-0.4009999999999998
10.43065,-0.14999999999999858,-0.3899999999999997
10.44065,-0.14999999999999858,-0.39700000000000024
10.450651,-0.14000000000000057,-0.375
10.460651,-0.14000000000000057,-0.3600000000000003
10.470652,-0.13000000000000256,-0.35299999999999976
10.480652000000001,-0.11999999999999744,-0.33000000000000007
10.490652,-0.11999999999999744,-0.31899999999999995
10.500652,-0.11999999999999744,-0.3150000000000004
10.510652,-0.11999999999999744,-0.3230000000000004
10.520652,-0.13000000000000256,-0.34499999999999975
10.530652,-0.13000000000000256,-0.3410000000000002
10.540652,-0.11999999999999744,-0.33000000000000007
10.550652,-0.11999999999999744,-0.32699999999999996
10.560653,-0.11999999999999744,-0.3230000000000004
10.570653,-0.11999999999999744,-0.3230000000000004
10.580653,-0.10999999999999943,-0.30100000000000016
10.590653,-0.10999999999999943,-0.28200000000000003
10.600654,-0.10000000000000142,-0.27500000000000036
10.610654,-0.10999999999999943,-0.2969999999999997
10.620654,-0.11999999999999744,-0.3230000000000004
10.630655,-0.11999999999999744,-0.3230000000000004
10.640655,-0.11999999999999744,-0.33000000000000007
10.650655,-0.14000000000000057,-0.3600000000000003
10.660656,-0.14000000000000057,-0.3600000000000003
10.670656,-0.14000000000000057,-0.3780000000000001
10.680656,-0.14999999999999858,-0.3860000000000001
10.690657,-0.14000000000000057,-0.375
10.700657,-0.14000000000000057,-0.3819999999999997
10.710657,-0.13000000000000256,-0.3490000000000002
10.720658,-0.13000000000000256,-0.35299999999999976
10.730659,-0.13000000000000256,-0.34499999999999975
10.740659,-0.10999999999999943,-0.30100000000000016
10.750659,-0.10999999999999943,-0.29300000000000015
10.760659,-0.10999999999999943,-0.2969999999999997
10.770659,-0.10999999999999943,-0.2969999999999997
10.780659,-0.10999999999999943,-0.2889999999999997
10.79066,-0.10999999999999943,-0.28200000000000003
10.800661,-0.09000000000000341,-0.23000000000000043
10.810661,-0.09000000000000341,-0.2450000000000001
10.820664,-0.10000000000000142,-0.2519999999999998
10.830665,-0.10999999999999943,-0.2779999999999996
10.840666,-0.10999999999999943,-0.30100000000000016
10.850667,-0.13000000000000256,-0.34499999999999975
10.860667,-0.14000000000000057,-0.3819999999999997
10.870667000000001,-0.14000000000000057,-0.3600000000000003
10.880668,-0.13000000000000256,-0.3410000000000002
10.890669,-0.13000000000000256,-0.3410000000000002
10.900669,-0.11999999999999744,-0.3120000000000003
10.91067,-0.11999999999999744,-0.3150000000000004
10.920671,-0.11999999999999744,-0.30799999999999983
10.930671,-0.11999999999999744,-0.30799999999999983
10.940671,-0.11999999999999744,-0.3230000000000004
10.950672,-0.13000000000000256,-0.3490000000000002
10.960672,-0.14999999999999858,-0.39700000000000024
10.970672,-0.14999999999999858,-0.39700000000000024
10.980673,-0.1700000000000017,-0.45999999999999996
10.990673,-0.17999999999999972,-0.4710000000000001
11.000674,-0.17999999999999972,-0.4790000000000001
11.010675,-0.1700000000000017,-0.45999999999999996
11.020676,-0.17999999999999972,-0.46799999999999997
11.030677,-0.1700000000000017,-0.44200000000000017
11.040677,-0.14999999999999858,-0.4009999999999998
11.050677,-0.13000000000000256,-0.35299999999999976
11.060678,-0.11999999999999744,-0.32699999999999996
11.070678000000001,-0.11999999999999744,-0.32699999999999996
11.080678,-0.11999999999999744,-0.3150000000000004
11.090679,-0.11999999999999744,-0.30799999999999983
11.10068,-0.11999999999999744,-0.30799999999999983
11.110683,-0.10999999999999943,-0.28200000000000003
11.120683,-0.10000000000000142,-0.2709999999999999
11.130683,-0.10000000000000142,-0.2709999999999999
11.140683000000001,-0.10999999999999943,-0.28200000000000003
11.150683,-0.10999999999999943,-0.29300000000000015
11.160683,-0.11999999999999744,-0.3150000000000004
11.170683,-0.10000000000000142,-0.2629999999999999
11.180683,-0.10999999999999943,-0.2779999999999996
11.190683,-0.10000000000000142,-0.2629999999999999
11.200683,-0.09000000000000341,-0.2450000000000001
11.210683,-0.10000000000000142,-0.2519999999999998
11.220684,-0.0799999999999983,-0.22299999999999986
11.230684,-0.0799999999999983,-0.20000000000000018
11.240685000000001,-0.07000000000000028,-0.17799999999999994
11.250685,-0.07000000000000028,-0.19299999999999962
11.260686,-0.07000000000000028,-0.17400000000000038
11.270686,-0.07000000000000028,-0.17799999999999994
11.280686,-0.0799999999999983,-0.20800000000000018
11.290686,-0.0799999999999983,-0.2190000000000003
11.300687,-0.09000000000000341,-0.22599999999999998
11.310698,-0.09000000000000341,-0.2370000000000001
11.320699,-0.09000000000000341,-0.2450000000000001
11.330699000000001,-0.09000000000000341,-0.23399999999999999
11.3407,-0.10000000000000142,-0.2519999999999998
11.3507,-0.09000000000000341,-0.23000000000000043
11.3607,-0.09000000000000341,-0.23000000000000043
11.3707,-0.0799999999999983,-0.20800000000000018
11.380700000000001,-0.07000000000000028,-0.18900000000000006
11.3907,-0.07000000000000028,-0.17799999999999994
11.4007,-0.07000000000000028,-0.18900000000000006
11.4107,-0.07000000000000028,-0.19299999999999962
11.4207,-0.07000000000000028,-0.19299999999999962
11.430701000000001,-0.0799999999999983,-0.2190000000000003
11.440701,-0.07000000000000028,-0.19700000000000006
11.450701,-0.09000000000000341,-0.23000000000000043
11.460701,-0.0799999999999983,-0.22299999999999986
11.470701,-0.10000000000000142,-0.2519999999999998
11.480701,-0.0799999999999983,-0.22299999999999986
11.490701,-0.0799999999999983,-0.21499999999999986
11.500701,-0.0799999999999983,-0.20399999999999974
11.510701000000001,-0.07000000000000028,-0.18900000000000006
11.520701,-0.07000000000000028,-0.19700000000000006
11.530701,-0.0799999999999983,-0.21199999999999974
11.540701,-0.09000000000000341,-0.23000000000000043
11.550701,-0.10000000000000142,-0.2599999999999998
11.560702000000001,-0.10999999999999943,-0.2859999999999996
11.570703,-0.10000000000000142,-0.2560000000000002
11.580703,-0.09000000000000341,-0.23399999999999999
11.590703,-0.09000000000000341,-0.24099999999999966
11.600704,-0.09000000000000341,-0.22599999999999998
11.610704,-0.07000000000000028,-0.19299999999999962
11.620704,-0.07000000000000028,-0.17400000000000038
11.630704,-0.060000000000002274,-0.16300000000000026
11.640704,-0.060000000000002274,-0.16699999999999982
11.650704,-0.07000000000000028,-0.18900000000000006
11.660704,-0.07000000000000028,-0.18599999999999994
11.670704,-0.07000000000000028,-0.17400000000000038
11.680704,-0.060000000000002274,-0.17100000000000026
11.690704,-0.07000000000000028,-0.18599999999999994
11.700704,-0.07000000000000028,-0.18599999999999994
11.710704,-0.07000000000000028,-0.18900000000000006
11.720705,-0.07000000000000028,-0.18599999999999994
11.730705,-0.07000000000000028,-0.19299999999999962
11.740705,-0.07000000000000028,-0.17400000000000038
11.750706000000001,-0.060000000000002274,-0.17100000000000026
11.760707,-0.07000000000000028,-0.18200000000000038
11.770707,-0.07000000000000028,-0.19299999999999962
11.780711,-0.0799999999999983,-0.20000000000000018
11.790712000000001,-0.0799999999999983,-0.21199999999999974
11.800712,-0.0799999999999983,-0.2190000000000003
11.810712,-0.09000000000000341,-0.2450000000000001
11.820712,-0.09000000000000341,-0.22599999999999998
11.830712,-0.0799999999999983,-0.20000000000000018
11.840712,-0.0799999999999983,-0.20000000000000018
11.850712,-0.07000000000000028,-0.19299999999999962
11.860713,-0.060000000000002274,-0.16300000000000026
11.870713,-0.04999999999999716,-0.1299999999999999
11.880713,-0.03999999999999915,-0.11099999999999977
11.890713,-0.04999999999999716,-0.12600000000000033
11.900713,-0.03999999999999915,-0.09999999999999964
11.910714,-0.03999999999999915,-0.11500000000000021
11.920714,-0.03999999999999915,-0.09600000000000009
11.930714,-0.03999999999999915,-0.10799999999999965
11.940714,-0.03999999999999915,-0.10799999999999965
11.950714,-0.04999999999999716,-0.12600000000000033
11.960714,-0.03999999999999915,-0.11899999999999977
11.970714000000001,-0.04999999999999716,-0.12600000000000033
11.980714,-0.03999999999999915,-0.09999999999999964
11.990714,-0.03999999999999915,-0.09999999999999964
12.000714,-0.020000000000003126,-0.05900000000000016
12.010714,-0.00999999999999801,-0.03000000000000025
12.020714,0.0,-0.006999999999999673
12.030714,0.0,0.0039999999999995595
12.040715,0.0,-0.01100000000000012
12.050715,0.0,0.0
12.060715,0.0,0.01100000000000012
12.070715,0.00999999999999801,0.02200000000000024
12.080715,0.020000000000003126,0.04100000000000037
12.090715,0.030000000000001137,0.07099999999999973
12.100716,0.03999999999999915,0.09600000000000009
12.110716,0.060000000000002274,0.16000000000000014
12.120716,0.060000000000002274,0.17100000000000026
12.130716,0.060000000000002274,0.1559999999999997
12.140716,0.04999999999999716,0.14499999999999957
12.150716000000001,0.060000000000002274,0.16000000000000014
12.160716,0.060000000000002274,0.15200000000000014
12.170716,0.04999999999999716,0.13400000000000034
12.180725,0.03999999999999915,0.11500000000000021
12.190726,0.03999999999999915,0.10799999999999965
12.200727,0.03999999999999915,0.10400000000000009
12.210728,0.03999999999999915,0.11899999999999977
12.220728,0.03999999999999915,0.11899999999999977
12.230728000000001,0.03999999999999915,0.09299999999999997
12.240729,0.03999999999999915,0.09600000000000009
12.250729,0.03999999999999915,0.09600000000000009
12.26073,0.030000000000001137,0.08900000000000041
12.27073,0.04999999999999716,0.12600000000000033
12.280731,0.060000000000002274,0.1559999999999997
12.290731000000001,0.060000000000002274,0.16699999999999982
12.300731,0.07000000000000028,0.18599999999999994
12.310731,0.07000000000000028,0.18900000000000006
12.320731,0.07000000000000028,0.17799999999999994
12.330739,0.07000000000000028,0.17400000000000038
12.340739000000001,0.07000000000000028,0.19299999999999962
12.35074,0.07000000000000028,0.19700000000000006
12.360741,0.0799999999999983,0.21499999999999986
12.370741,0.09000000000000341,0.24099999999999966
12.380741,0.10999999999999943,0.28200000000000003
12.390742,0.11999999999999744,0.30799999999999983
12.400742,0.14000000000000057,0.3819999999999997
12.410746,0.14999999999999858,0.3929999999999998
12.420754,0.1599999999999966,0.4189999999999996
12.430755,0.1700000000000017,0.44200000000000017
12.440755,0.1700000000000017,0.4450000000000003
12.450755000000001,0.18999999999999773,0.4969999999999999
12.460755,0.21000000000000085,0.5449999999999999
12.470755,0.20000000000000284,0.5309999999999997
12.480755,0.21999999999999886,0.5789999999999997
12.490756,0.2700000000000031,0.7199999999999998
12.500756,0.21000000000000085,0.5490000000000004
12.510756,0.1700000000000017,0.44200000000000017
12.520757,0.4399999999999977,0.9500000000000002
12.530758,0.4099999999999966,0.9500000000000002
12.540758,0.00999999999999801,0.03699999999999992
12.550759,0.45000000000000284,0.9500000000000002
12.560759000000001,0.28999999999999915,0.7720000000000002
12.570759,0.11999999999999744,0.3230000000000004
12.580759,0.46000000000000085,0.9500000000000002
12.59076,0.21999999999999886,0.5940000000000003
12.60076,0.4099999999999966,0.9500000000000002
12.61076,0.3400000000000034,0.8940000000000001
12.620761,0.10999999999999943,0.30400000000000027
12.630761,0.46999999999999886,0.9500000000000002
12.640761,0.36999999999999744,0.9500000000000002
12.650763,0.10999999999999943,0.28200000000000003
12.660763,0.25,0.6749999999999998
12.670763,0.5300000000000011,0.9500000000000002
12.680764,0.00999999999999801,0.03000000000000025
12.690765,0.45000000000000284,0.9500000000000002
12.700765,0.3200000000000003,0.8529999999999998
12.710766,0.0799999999999983,0.22299999999999986
12.720766,0.5499999999999972,0.9500000000000002
12.730766000000001,0.14000000000000057,0.375
12.740766,0.36999999999999744,0.9500000000000002
12.750766,0.20000000000000284,0.5339999999999998
12.760766,0.28000000000000114,0.7380000000000004
12.770766,0.29999999999999716,0.79
12.780766,0.03999999999999915,0.11500000000000021
12.790766,0.21000000000000085,0.5490000000000004
12.800766,0.3999999999999986,0.9500000000000002
12.810766000000001,0.13000000000000256,0.3490000000000002
12.820766,0.22999999999999687,0.609
12.830766,0.36999999999999744,0.9500000000000002
12.840766,0.11999999999999744,0.31899999999999995
12.850766,0.18999999999999773,0.4969999999999999
12.860766,0.36999999999999744,0.9500000000000002
12.870766,0.1599999999999966,0.43400000000000016
12.880766,0.21000000000000085,0.5570000000000004
12.890766,0.39000000000000057,0.9500000000000002
12.900766,0.14999999999999858,0.39700000000000024
12.910766,0.20000000000000284,0.5190000000000001
12.920766,0.38000000000000256,0.9500000000000002
12.930766,0.38000000000000256,0.9500000000000002
12.940766,0.14000000000000057,0.3600000000000003
12.950766,0.21000000000000085,0.5640000000000001
12.960766,0.3299999999999983,0.883
12.970767,0.1599999999999966,0.42300000000000004
12.980767,0.18999999999999773,0.4969999999999999
12.990767,0.3999999999999986,0.9500000000000002
13.000768,0.14999999999999858,0.4009999999999998
13.010768,0.38000000000000256,0.9500000000000002
13.020772000000001,0.35999999999999943,0.9459999999999997
13.030775,0.10999999999999943,0.2889999999999997
13.040777,0.45000000000000284,0.9500000000000002
13.050789,0.4099999999999966,0.9500000000000002
13.06079,0.3299999999999983,0.8760000000000003
13.070791,0.13000000000000256,0.3380000000000001
13.080792,0.5,0.9500000000000002
13.090793,0.14000000000000057,0.3639999999999999
13.100795,0.39000000000000057,0.9500000000000002
13.110796,0.3100000000000023,0.827
13.120797,0.10000000000000142,0.2709999999999999
13.130798,0.46999999999999886,0.9500000000000002
13.140799,0.21000000000000085,0.5570000000000004
13.1508,0.39000000000000057,0.9500000000000002
13.160801,0.3999999999999986,0.9500000000000002
13.170802,0.3299999999999983,0.883
13.180803000000001,0.060000000000002274,0.17100000000000026
13.190804,0.39000000000000057,0.9500000000000002
13.200805,0.3200000000000003,0.8529999999999998
13.210805,0.21000000000000085,0.5640000000000001
13.220806,0.4399999999999977,0.9500000000000002
13.230807,0.17999999999999972,0.4640000000000004
13.240808,0.38000000000000256,0.9500000000000002
13.250809,0.36999999999999744,0.9500000000000002
13.26081,0.09000000000000341,0.2370000000000001
13.27081,0.35999999999999943,0.9500000000000002
13.28081,0.38000000000000256,0.9500000000000002
13.29081,0.3299999999999983,0.8760000000000003
13.30081,0.04999999999999716,0.12199999999999989
13.31081,0.36999999999999744,0.9500000000000002
13.32081,0.28000000000000114,0.7350000000000003
13.33081,0.11999999999999744,0.3150000000000004
13.34081,0.4099999999999966,0.9500000000000002
13.350811,0.21000000000000085,0.5449999999999999
13.360811,0.14999999999999858,0.3899999999999997
13.370811,0.3500000000000014,0.9349999999999996
13.380811,0.17999999999999972,0.4790000000000001
13.390811,0.18999999999999773,0.4939999999999998
13.400811000000001,0.240000000000002,0.6420000000000003
13.410811,0.36999999999999744,0.9500000000000002
13.420811,0.03999999999999915,0.11899999999999977
13.430811,0.29999999999999716,0.8049999999999997
13.440811,0.3500000000000014,0.9199999999999999
13.450811,0.0,0.0
13.460811,0.35999999999999943,0.9500000000000002
13.470811,0.2700000000000031,0.7119999999999997
13.480811000000001,0.09000000000000341,0.24899999999999967
13.490812,0.4399999999999977,0.9500000000000002
13.500813,0.13000000000000256,0.34499999999999975
13.510814,0.2700000000000031,0.7199999999999998
13.520814,0.28000000000000114,0.7530000000000001
13.530814,0.20000000000000284,0.5190000000000001
13.540814000000001,0.14000000000000057,0.3639999999999999
13.550814,0.35999999999999943,0.9429999999999996
13.560814,0.10000000000000142,0.26700000000000035
13.570814,0.17999999999999972,0.4900000000000002
13.580815,0.3500000000000014,0.9240000000000004
13.590815000000001,0.10000000000000142,0.2599999999999998
13.600815,0.14000000000000057,0.3780000000000001
13.610815,0.2700000000000031,0.7270000000000003
13.620815,0.13000000000000256,0.35599999999999987
13.630815,0.1599999999999966,0.42300000000000004
13.640816000000001,0.21999999999999886,0.5709999999999997
13.650816,0.14999999999999858,0.3929999999999998
13.660816,0.1700000000000017,0.4560000000000004
13.670817,0.17999999999999972,0.4900000000000002
13.680817,0.14999999999999858,0.39700000000000024
13.690817000000001,0.13000000000000256,0.3410000000000002
13.700817,0.13000000000000256,0.3410000000000002
13.710818,0.13000000000000256,0.34499999999999975
13.720818,0.13000000000000256,0.3410000000000002
13.730818,0.13000000000000256,0.35599999999999987
13.74082,0.13000000000000256,0.35299999999999976
13.750820000000001,0.14000000000000057,0.37100000000000044
13.76082,0.14000000000000057,0.37100000000000044
13.770821,0.11999999999999744,0.3150000000000004
13.780821,0.10999999999999943,0.2859999999999996
13.790821,0.09000000000000341,0.23399999999999999
13.800822,0.0799999999999983,0.21499999999999986
13.810822,0.0799999999999983,0.20399999999999974
13.820822,0.07000000000000028,0.18900000000000006
13.830823,0.07000000000000028,0.19299999999999962
13.840823,0.07000000000000028,0.19299999999999962
13.850823,0.07000000000000028,0.19299999999999962
13.860823,0.0799999999999983,0.20000000000000018
13.870824,0.0799999999999983,0.20399999999999974
13.880824,0.07000000000000028,0.18900000000000006
13.890824,0.07000000000000028,0.18599999999999994
13.900824,0.060000000000002274,0.16000000000000014
13.910824,0.04999999999999716,0.14100000000000001
13.920824,0.04999999999999716,0.13400000000000034
13.930824,0.060000000000002274,0.15200000000000014
13.940824000000001,0.07000000000000028,0.18200000000000038
13.950824,0.07000000000000028,0.18200000000000038
13.960824,0.07000000000000028,0.17400000000000038
13.970824,0.060000000000002274,0.1559999999999997
13.980824,0.060000000000002274,0.1559999999999997
13.990824,0.060000000000002274,0.16699999999999982
14.000824,0.07000000000000028,0.17400000000000038
14.010824,0.060000000000002274,0.16000000000000014
14.020824,0.07000000000000028,0.18200000000000038
14.030825,0.060000000000002274,0.16300000000000026
14.040825,0.07000000000000028,0.18200000000000038
14.050825,0.07000000000000028,0.18599999999999994
14.060826,0.07000000000000028,0.18599999999999994
14.070826,0.0799999999999983,0.20800000000000018
14.080826,0.0799999999999983,0.2190000000000003
14.090827,0.09000000000000341,0.24899999999999967
14.100827,0.09000000000000341,0.2370000000000001
14.110828,0.09000000000000341,0.22599999999999998
14.120829,0.0799999999999983,0.2190000000000003
14.130829,0.07000000000000028,0.19700000000000006
14.140833,0.060000000000002274,0.1559999999999997
14.150833,0.03999999999999915,0.11099999999999977
14.160834,0.030000000000001137,0.08199999999999985
14.170834,0.020000000000003126,0.05900000000000016
14.180834,0.00999999999999801,0.02200000000000024
14.190834,0.0,0.006999999999999673
14.200834,0.0,-0.01100000000000012
14.210834,0.0,-0.006999999999999673
14.220835000000001,0.0,0.01100000000000012
14.230835,0.0,-0.006999999999999673
14.240835,0.0,0.0
14.250836,0.00999999999999801,0.01499999999999968
14.260836,0.0,-0.0039999999999995595
14.270836000000001,0.0,-0.006999999999999673
14.280837,0.0,0.006999999999999673
14.290837,0.0,-0.01100000000000012
14.300837,0.0,-0.01100000000000012
14.310838,0.00999999999999801,0.01499999999999968
14.320839,0.0,-0.01100000000000012
14.330839000000001,-0.00999999999999801,-0.03000000000000025
14.34084,-0.020000000000003126,-0.04499999999999993
14.35084,-0.020000000000003126,-0.06299999999999972
14.36084,-0.020000000000003126,-0.06299999999999972
14.37084,-0.020000000000003126,-0.05600000000000005
14.380841,-0.030000000000001137,-0.07099999999999973
14.390841,-0.020000000000003126,-0.05900000000000016
14.400841,-0.020000000000003126,-0.06299999999999972
14.410841,-0.020000000000003126,-0.0519999999999996
14.420841,-0.020000000000003126,-0.06299999999999972
14.430841000000001,-0.030000000000001137,-0.08199999999999985
14.440842,-0.030000000000001137,-0.07000000000000028
14.450842,-0.030000000000001137,-0.08499999999999996
14.460844,-0.03999999999999915,-0.11099999999999977
14.470844,-0.03999999999999915,-0.10799999999999965
14.480844,-0.04999999999999716,-0.12600000000000033
14.490845,-0.04999999999999716,-0.14499999999999957
14.500845,-0.060000000000002274,-0.16300000000000026
14.510845,-0.0799999999999983,-0.21499999999999986
14.520845,-0.09000000000000341,-0.23399999999999999
14.530845,-0.07000000000000028,-0.17799999999999994
14.540846,-0.0799999999999983,-0.20800000000000018
14.550846,-0.060000000000002274,-0.1559999999999997
14.560846,-0.07000000000000028,-0.17400000000000038
14.570846,-0.04999999999999716,-0.13699999999999957
14.580846,-0.060000000000002274,-0.15200000000000014
14.590846,-0.04999999999999716,-0.13400000000000034
14.600847,-0.04999999999999716,-0.12600000000000033
14.610847,-0.04999999999999716,-0.13699999999999957
14.620847,-0.0799999999999983,-0.21499999999999986
14.630847,-0.11999999999999744,-0.3150000000000004
14.640847,-0.1700000000000017,-0.4530000000000003
14.650847,-0.240000000000002,-0.6459999999999999
14.660847,-0.28999999999999915,-0.7720000000000002
14.670847,-0.259999999999998,-0.6900000000000004
14.680847,-0.3500000000000014,-0.9390000000000001
14.690847,-0.3999999999999986,-0.9500000000000002
14.700847,-0.3400000000000034,-0.8940000000000001
14.710847,-0.5499999999999972,-0.9500000000000002
14.720847000000001,-0.7800000000000011,-0.9500000000000002
14.730848,-0.740000000000002,-0.9500000000000002
14.740849,-0.7100000000000009,-0.9500000000000002
14.750849,-0.8599999999999994,-0.9500000000000002
14.76085,-0.8299999999999983,-0.9500000000000002
14.770851,-0.8599999999999994,-0.9500000000000002
14.780851,-0.5799999999999983,-0.9500000000000002
14.790851,-0.6000000000000014,-0.9500000000000002
14.800851,-0.740000000000002,-0.9500000000000002
14.810851,-0.6700000000000017,-0.9500000000000002
14.820851,-0.8100000000000023,-0.9500000000000002
14.830852,-0.7199999999999989,-0.9500000000000002
14.840852,-0.7899999999999991,-0.9500000000000002
14.850852,-0.8599999999999994,-0.9500000000000002
14.860853,-1.009999999999998,-0.9500000000000002
14.870853,-0.8599999999999994,-0.9500000000000002
14.880853,-0.39000000000000057,-0.9500000000000002
14.890854000000001,-0.6700000000000017,-0.9500000000000002
14.900854,-0.5799999999999983,-0.9500000000000002
14.910854,-0.5600000000000023,-0.9500000000000002
14.920854,-0.6799999999999997,-0.9500000000000002
14.930854,-0.509999999999998,-0.9500000000000002
14.940854,-0.3999999999999986,-0.9500000000000002
14.950855,-0.45000000000000284,-0.9500000000000002
14.960855,-0.5300000000000011,-0.9500000000000002
14.970855,-0.4399999999999977,-0.9500000000000002
14.980859,-0.4099999999999966,-0.9500000000000002
14.99086,-0.39000000000000057,-0.9500000000000002
15.000861,-0.46999999999999886,-0.9500000000000002
15.010861,-0.3200000000000003,-0.8419999999999996
15.020862,-0.3999999999999986,-0.9500000000000002
15.030863,-0.3100000000000023,-0.8200000000000003
15.040864000000001,-0.3500000000000014,-0.9199999999999999
15.050865,-0.4399999999999977,-0.9500000000000002
15.060866,-0.1599999999999966,-0.4189999999999996
15.070867,-0.5,-0.9500000000000002
15.080868,-0.36999999999999744,-0.9500000000000002
15.090869,-0.3400000000000034,-0.891
15.100869,-0.21000000000000085,-0.5490000000000004
15.110869000000001,-0.5300000000000011,-0.9500000000000002
15.120869,0.03999999999999915,0.10400000000000009
15.130869,-0.39000000000000057,-0.9500000000000002
15.14087,-0.13000000000000256,-0.35599999999999987
15.150871,-0.21999999999999886,-0.5789999999999997
15.160871,-0.46000000000000085,-0.9500000000000002
15.170871,0.46999999999999886,0.9500000000000002
15.180871,-1.0900000000000034,-0.9500000000000002
15.190871,0.509999999999998,0.9500000000000002
15.200871,-0.6700000000000017,-0.9500000000000002
15.210872,-0.22999999999999687,-0.6120000000000001
15.220872,0.020000000000003126,0.05600000000000005
15.230872,-0.3100000000000023,-0.8200000000000003
15.240873,-0.04999999999999716,-0.12199999999999989
15.250873,-0.240000000000002,-0.6349999999999998
15.260873,-0.07000000000000028,-0.18200000000000038
15.270873,-0.14000000000000057,-0.3639999999999999
15.280874,-0.11999999999999744,-0.30799999999999983
15.290874,-0.10999999999999943,-0.2969999999999997
15.300874,-0.14000000000000057,-0.37100000000000044
15.310874,-0.13000000000000256,-0.35599999999999987
15.320874,-0.14000000000000057,-0.3780000000000001
15.330874,-0.11999999999999744,-0.3150000000000004
15.340875,-0.09000000000000341,-0.23000000000000043
15.350875,-0.10000000000000142,-0.2629999999999999
15.360875,-0.10000000000000142,-0.2519999999999998
15.370876,-0.10000000000000142,-0.2709999999999999
15.380876,-0.10000000000000142,-0.2519999999999998
15.390876,-0.0799999999999983,-0.2190000000000003
15.400877,-0.060000000000002274,-0.16699999999999982
15.410877,-0.04999999999999716,-0.13400000000000034
15.420877,-0.030000000000001137,-0.08199999999999985
15.430878,-0.00999999999999801,-0.03000000000000025
15.440879,0.0,0.0039999999999995595
15.450879,0.00999999999999801,0.01499999999999968
15.460879,0.00999999999999801,0.01499999999999968
15.47088,0.03999999999999915,0.09999999999999964
15.48088,0.04999999999999716,0.13699999999999957
15.49088,0.060000000000002274,0.16300000000000026
15.500881,0.09000000000000341,0.23000000000000043
15.510881,0.10000000000000142,0.26700000000000035
15.520881,0.11999999999999744,0.32699999999999996
15.530882,0.14999999999999858,0.3899999999999997
15.540883000000001,0.14999999999999858,0.40800000000000036
15.550883,0.1700000000000017,0.4560000000000004
15.560883,0.20000000000000284,0.5229999999999997
15.570883,0.17999999999999972,0.46799999999999997
15.580883,0.17999999999999972,0.48599999999999977
15.590883,0.18999999999999773,0.4939999999999998
15.600884,0.21999999999999886,0.5789999999999997
15.610884,0.22999999999999687,0.609
15.620884,0.25,0.6680000000000001
15.630884,0.3200000000000003,0.8419999999999996
15.640884,0.17999999999999972,0.46799999999999997
15.650884,0.5499999999999972,0.9500000000000002
15.660884,0.4399999999999977,0.9500000000000002
15.670884000000001,0.1599999999999966,0.4189999999999996
15.680884,0.6300000000000026,0.9500000000000002
15.690884,0.28999999999999915,0.7640000000000002
15.700884,0.5200000000000031,0.9500000000000002
15.710884,0.490000000000002,0.9500000000000002
15.720884,0.259999999999998,0.7009999999999996
15.730884,0.3299999999999983,0.8869999999999996
15.740884,0.46999999999999886,0.9500000000000002
15.750884000000001,0.39000000000000057,0.9500000000000002
15.760885,0.4099999999999966,0.9500000000000002
15.770885,0.46000000000000085,0.9500000000000002
15.780885,0.5799999999999983,0.9500000000000002
15.790885,0.39000000000000057,0.9500000000000002
15.800885000000001,0.4200000000000017,0.9500000000000002
15.810885,0.490000000000002,0.9500000000000002
15.820885,0.5900000000000034,0.9500000000000002
15.830885,0.5499999999999972,0.9500000000000002
15.840885,0.509999999999998,0.9500000000000002
15.850885,0.6400000000000006,0.9500000000000002
15.860885,0.6899999999999977,0.9500000000000002
15.870885,0.6700000000000017,0.9500000000000002
15.880885,0.8800000000000026,0.9500000000000002
15.890885,0.740000000000002,0.9500000000000002
15.900885,0.8100000000000023,0.9500000000000002
15.910885,0.8500000000000014,0.9500000000000002
15.920886,0.7100000000000009,0.9500000000000002
15.930886000000001,0.7800000000000011,0.9500000000000002
15.940886,0.6400000000000006,0.9500000000000002
15.950887000000002,0.6599999999999966,0.9500000000000002
15.960888,0.5399999999999991,0.9500000000000002
15.970889,0.45000000000000284,0.9500000000000002
15.980889000000001,0.5300000000000011,0.9500000000000002
15.99089,0.5799999999999983,0.9500000000000002
16.000891,0.46000000000000085,0.9500000000000002
16.010892000000002,0.46999999999999886,0.9500000000000002
16.020893,0.5399999999999991,0.9500000000000002
16.030895,0.4399999999999977,0.9500000000000002
16.040897,0.3200000000000003,0.8460000000000001
16.0509,0.5,0.9500000000000002
16.060901,0.4099999999999966,0.9500000000000002
16.070902,0.5200000000000031,0.9500000000000002
16.080903,0.28999999999999915,0.7679999999999998
16.090903,0.3999999999999986,0.9500000000000002
16.100904,0.3200000000000003,0.8570000000000002
16.110905,0.28999999999999915,0.7610000000000001
16.120905,0.38000000000000256,0.9500000000000002
16.130907,0.3400000000000034,0.9050000000000002
16.140909,0.3400000000000034,0.9050000000000002
16.15091,0.060000000000002274,0.1479999999999997
16.16091,0.22999999999999687,0.609
16.170912,0.3299999999999983,0.8789999999999996
16.180913,0.21999999999999886,0.5750000000000002
16.190913000000002,0.17999999999999972,0.47499999999999964
16.200914,0.240000000000002,0.6230000000000002
16.210916,0.1700000000000017,0.4450000000000003
16.220917,0.21999999999999886,0.5830000000000002
16.230917,0.18999999999999773,0.4939999999999998
16.240918,0.1599999999999966,0.42300000000000004
16.250919,0.1599999999999966,0.4299999999999997
16.260919,0.14000000000000057,0.367
16.27092,0.14000000000000057,0.3780000000000001
16.280920000000002,0.14999999999999858,0.3899999999999997
16.290921,0.11999999999999744,0.33000000000000007
16.300922,0.10000000000000142,0.2599999999999998
16.310922,0.09000000000000341,0.23399999999999999
16.320923,0.09000000000000341,0.24099999999999966
16.330924,0.09000000000000341,0.23000000000000043
16.340924,0.07000000000000028,0.18900000000000006
16.350925,0.060000000000002274,0.17100000000000026
16.360925,0.04999999999999716,0.13699999999999957
16.370926,0.060000000000002274,0.1559999999999997
16.380927,0.0799999999999983,0.21199999999999974
16.390928,0.10000000000000142,0.2560000000000002
16.400929,0.10999999999999943,0.28200000000000003
16.41093,0.10000000000000142,0.2709999999999999
16.420931,0.13000000000000256,0.33399999999999963
16.430931,0.14000000000000057,0.3780000000000001
16.440932,0.14999999999999858,0.3860000000000001
16.450932,0.14000000000000057,0.3819999999999997
16.460934,0.11999999999999744,0.3120000000000003
16.470935,0.10000000000000142,0.2519999999999998
16.480936,0.0799999999999983,0.20399999999999974
16.490936,0.04999999999999716,0.1299999999999999
16.500937,0.03999999999999915,0.09600000000000009
16.510938,0.020000000000003126,0.04800000000000004
16.520938,0.00999999999999801,0.03699999999999992
16.530939,0.00999999999999801,0.03699999999999992
16.54094,0.00999999999999801,0.019000000000000128
16.55094,0.0,0.0
16.560942,0.0,-0.006999999999999673
16.570943,0.0,-0.006999999999999673
16.580943,0.0,-0.01100000000000012
16.590945,0.0,0.0
16.600947,0.0,0.01100000000000012
16.610948,0.0,0.0039999999999995595
16.62095,0.00999999999999801,0.01499999999999968
16.630951,0.0,-0.006999999999999673
16.640951,0.0,0.0
16.650952,-0.020000000000003126,-0.04499999999999993
16.660953,-0.020000000000003126,-0.0519999999999996
16.670953,-0.030000000000001137,-0.06700000000000017
16.680954,-0.03999999999999915,-0.10400000000000009
16.690955,-0.03999999999999915,-0.11899999999999977
16.700955,-0.04999999999999716,-0.13400000000000034
16.710956,-0.04999999999999716,-0.14100000000000001
16.720956,-0.04999999999999716,-0.13699999999999957
16.730957,-0.060000000000002274,-0.16300000000000026
16.740957,-0.060000000000002274,-0.1559999999999997
16.750959,-0.07000000000000028,-0.17400000000000038
16.76096,-0.07000000000000028,-0.17799999999999994
16.770961,-0.07000000000000028,-0.19299999999999962
16.780961,-0.0799999999999983,-0.20399999999999974
16.790962,-0.0799999999999983,-0.21499999999999986
16.800963,-0.0799999999999983,-0.2190000000000003
16.810963,-0.0799999999999983,-0.2190000000000003
16.820964,-0.09000000000000341,-0.23399999999999999
16.830964,-0.10000000000000142,-0.2560000000000002
16.840965,-0.10999999999999943,-0.30100000000000016
16.850967,-0.1599999999999966,-0.4269999999999996
16.860968,-0.14000000000000057,-0.3600000000000003
16.870968,-0.14999999999999858,-0.4039999999999999
16.880969,-0.1599999999999966,-0.43400000000000016
16.890969000000002,-0.18999999999999773,-0.5049999999999999
16.90097,-0.17999999999999972,-0.48599999999999977
16.910972,-0.1700000000000017,-0.4450000000000003
16.920973,-0.1700000000000017,-0.4560000000000004
16.930973,-0.21999999999999886,-0.5750000000000002
16.940974,-0.17999999999999972,-0.4820000000000002
16.950975,-0.21000000000000085,-0.5449999999999999
16.960975,-0.17999999999999972,-0.4790000000000001
16.970976,-0.1700000000000017,-0.4379999999999997
16.980976000000002,-0.18999999999999773,-0.5049999999999999
16.990977,-0.20000000000000284,-0.5380000000000003
17.000979,-0.1700000000000017,-0.45999999999999996
17.01098,-0.18999999999999773,-0.508
17.020981,-0.1700000000000017,-0.4560000000000004
17.030981,-0.1700000000000017,-0.44200000000000017
17.040983,-0.1700000000000017,-0.45999999999999996
17.050984,-0.18999999999999773,-0.4939999999999998
17.060984,-0.20000000000000284,-0.5270000000000001
17.070986,-0.17999999999999972,-0.4820000000000002
17.080987,-0.20000000000000284,-0.5229999999999997
17.090988,-0.20000000000000284,-0.5190000000000001
17.100989,-0.21000000000000085,-0.5679999999999996
17.11099,-0.21000000000000085,-0.5570000000000004
17.120991,-0.20000000000000284,-0.5190000000000001
17.130992,-0.18999999999999773,-0.5119999999999996
17.140992,-0.21000000000000085,-0.5449999999999999
17.150993,-0.14000000000000057,-0.3639999999999999
17.160993,-0.14000000000000057,-0.375
17.170995,-0.0799999999999983,-0.20000000000000018
17.180996,-0.07000000000000028,-0.19299999999999962
17.190997,-0.060000000000002274,-0.16300000000000026
17.200998,-0.0799999999999983,-0.22299999999999986
17.210998,-0.0799999999999983,-0.2190000000000003
17.220998,-0.10000000000000142,-0.2560000000000002
17.231,-0.11999999999999744,-0.3120000000000003
17.241001,-0.14000000000000057,-0.375
17.251002,-0.13000000000000256,-0.33399999999999963
17.261003,-0.13000000000000256,-0.34499999999999975
17.271003,-0.10999999999999943,-0.2859999999999996
17.281003000000002,-0.11999999999999744,-0.31899999999999995
17.291004,-0.10999999999999943,-0.2969999999999997
17.301005,-0.10999999999999943,-0.30100000000000016
17.311005,-0.10000000000000142,-0.2599999999999998
17.321006,-0.10000000000000142,-0.2560000000000002
17.331008,-0.10000000000000142,-0.2709999999999999
17.341009,-0.10000000000000142,-0.2709999999999999
17.35101,-0.10000000000000142,-0.2709999999999999
17.361011,-0.10999999999999943,-0.29300000000000015
17.371012,-0.10999999999999943,-0.30100000000000016
17.381012000000002,-0.14000000000000057,-0.3600000000000003
17.391013,-0.13000000000000256,-0.3380000000000001
17.401014,-0.10999999999999943,-0.30100000000000016
17.411014,-0.11999999999999744,-0.3230000000000004
17.421015,-0.10999999999999943,-0.2889999999999997
17.431016,-0.10000000000000142,-0.27500000000000036
17.441016,-0.0799999999999983,-0.21499999999999986
17.451017,-0.07000000000000028,-0.18599999999999994
17.461017000000002,-0.060000000000002274,-0.1479999999999997
17.471018,-0.04999999999999716,-0.1299999999999999
17.481019,-0.03999999999999915,-0.10799999999999965
17.491019,-0.07000000000000028,-0.17799999999999994
17.50102,-0.07000000000000028,-0.17799999999999994
17.511021,-0.0799999999999983,-0.20800000000000018
17.521022,-0.09000000000000341,-0.24899999999999967
17.531022,-0.10000000000000142,-0.27500000000000036
17.541022,-0.11999999999999744,-0.3120000000000003
17.551024,-0.13000000000000256,-0.33399999999999963
17.561026000000002,-0.11999999999999744,-0.30799999999999983
17.571027,-0.10999999999999943,-0.2859999999999996
17.581029,-0.10999999999999943,-0.2859999999999996
17.591031,-0.10000000000000142,-0.26700000000000035
17.601032,-0.10999999999999943,-0.2889999999999997
17.611032,-0.11999999999999744,-0.3150000000000004
17.621033,-0.13000000000000256,-0.35599999999999987
17.631034,-0.14000000000000057,-0.367
17.641034,-0.14000000000000057,-0.3780000000000001
17.651036,-0.14999999999999858,-0.3860000000000001
17.661037,-0.1599999999999966,-0.42300000000000004
17.671037000000002,-0.14000000000000057,-0.375
17.681038,-0.13000000000000256,-0.3380000000000001
17.691039,-0.10000000000000142,-0.27500000000000036
17.701039,-0.09000000000000341,-0.2450000000000001
17.711041,-0.10000000000000142,-0.2599999999999998
17.721042,-0.09000000000000341,-0.24099999999999966
17.731043,-0.10000000000000142,-0.2560000000000002
17.741044,-0.10000000000000142,-0.2709999999999999
17.751044,-0.10999999999999943,-0.28200000000000003
17.761044000000002,-0.10999999999999943,-0.2969999999999997
17.771045,-0.10999999999999943,-0.2969999999999997
17.781046,-0.09000000000000341,-0.2370000000000001
17.791056,-0.09000000000000341,-0.23000000000000043
17.801057,-0.0799999999999983,-0.21499999999999986
17.811057,-0.0799999999999983,-0.20800000000000018
17.821058,-0.10000000000000142,-0.2519999999999998
17.831059,-0.09000000000000341,-0.22599999999999998
17.841059,-0.10000000000000142,-0.2709999999999999
17.85106,-0.10999999999999943,-0.2889999999999997
17.861061,-0.10999999999999943,-0.2889999999999997
17.871061,-0.11999999999999744,-0.33000000000000007
17.881062,-0.14000000000000057,-0.3780000000000001
17.891062,-0.13000000000000256,-0.35299999999999976
17.901063,-0.14000000000000057,-0.375
17.911064,-0.14999999999999858,-0.3929999999999998
17.921064,-0.14999999999999858,-0.4009999999999998
17.931065,-0.14000000000000057,-0.37100000000000044
17.941065000000002,-0.13000000000000256,-0.33399999999999963
17.951066,-0.10000000000000142,-0.27500000000000036
17.961068,-0.10000000000000142,-0.2560000000000002
17.971069,-0.10000000000000142,-0.26700000000000035
17.981071,-0.10000000000000142,-0.2709999999999999
17.991071,-0.10999999999999943,-0.2859999999999996
18.001073,-0.11999999999999744,-0.3150000000000004
18.011074,-0.13000000000000256,-0.34499999999999975
18.021075,-0.14000000000000057,-0.3639999999999999
18.031076,-0.14999999999999858,-0.3860000000000001
18.041076,-0.14000000000000057,-0.3780000000000001
18.051076000000002,-0.14999999999999858,-0.3899999999999997
18.061078,-0.14999999999999858,-0.39700000000000024
18.071079,-0.14999999999999858,-0.3929999999999998
18.08108,-0.14999999999999858,-0.3860000000000001
18.09108,-0.14999999999999858,-0.3899999999999997
18.101081,-0.14000000000000057,-0.37100000000000044
18.111082,-0.13000000000000256,-0.35299999999999976
18.121082,-0.13000000000000256,-0.35599999999999987
18.131083,-0.14000000000000057,-0.3600000000000003
18.141083000000002,-0.13000000000000256,-0.35299999999999976
18.151084,-0.10999999999999943,-0.28200000000000003
18.161086,-0.10000000000000142,-0.2519999999999998
18.171088,-0.09000000000000341,-0.23399999999999999
18.181089,-0.09000000000000341,-0.24899999999999967
18.19109,-0.10000000000000142,-0.2519999999999998
18.20109,-0.10999999999999943,-0.28200000000000003
18.211091,-0.11999999999999744,-0.3120000000000003
18.221091,-0.11999999999999744,-0.33000000000000007
18.231093,-0.13000000000000256,-0.33399999999999963
18.241094,-0.11999999999999744,-0.3150000000000004
18.251095,-0.11999999999999744,-0.3150000000000004
18.261098,-0.11999999999999744,-0.32699999999999996
18.271099,-0.11999999999999744,-0.30799999999999983
18.281099,-0.10999999999999943,-0.28200000000000003
18.2911,-0.10999999999999943,-0.28200000000000003
18.3011,-0.10000000000000142,-0.27500000000000036
18.311101,-0.10000000000000142,-0.2599999999999998
18.321103,-0.10000000000000142,-0.2560000000000002
18.331104,-0.10000000000000142,-0.2599999999999998
18.341104,-0.10999999999999943,-0.28200000000000003
18.351106,-0.11999999999999744,-0.32699999999999996
18.361107,-0.13000000000000256,-0.35599999999999987
18.371108,-0.14999999999999858,-0.3929999999999998
18.381113,-0.14000000000000057,-0.3819999999999997
18.391114,-0.13000000000000256,-0.3380000000000001
18.401115,-0.11999999999999744,-0.3150000000000004
18.411116,-0.10000000000000142,-0.26700000000000035
18.421116,-0.0799999999999983,-0.2190000000000003
18.431118,-0.0799999999999983,-0.20000000000000018
18.441119,-0.07000000000000028,-0.18599999999999994
18.451121,-0.060000000000002274,-0.16000000000000014
18.461122,-0.07000000000000028,-0.18599999999999994
18.471122,-0.0799999999999983,-0.20800000000000018
18.481124,-0.0799999999999983,-0.21199999999999974
18.491125,-0.0799999999999983,-0.2190000000000003
18.501125000000002,-0.09000000000000341,-0.23000000000000043
18.511127000000002,-0.09000000000000341,-0.23000000000000043
18.521128,-0.09000000000000341,-0.23000000000000043
18.531129,-0.0799999999999983,-0.2190000000000003
18.541129,-0.0799999999999983,-0.21499999999999986
18.55113,-0.0799999999999983,-0.20800000000000018
18.561131,-0.0799999999999983,-0.20800000000000018
18.571131,-0.07000000000000028,-0.19299999999999962
18.581132,-0.0799999999999983,-0.21199999999999974
18.591132,-0.0799999999999983,-0.20800000000000018
18.601133,-0.0799999999999983,-0.21199999999999974
18.611134,-0.0799999999999983,-0.22299999999999986
18.621134,-0.0799999999999983,-0.21199999999999974
18.631135,-0.07000000000000028,-0.19299999999999962
18.641136,-0.07000000000000028,-0.19299999999999962
18.651136,-0.0799999999999983,-0.20000000000000018
18.661137,-0.0799999999999983,-0.21199999999999974
18.671138,-0.09000000000000341,-0.23000000000000043
18.681138,-0.0799999999999983,-0.22299999999999986
18.691139,-0.09000000000000341,-0.24099999999999966
18.70114,-0.09000000000000341,-0.24099999999999966
18.71114,-0.0799999999999983,-0.20399999999999974
18.721140000000002,-0.07000000000000028,-0.19700000000000006
18.731141,-0.060000000000002274,-0.17100000000000026
18.741142,-0.060000000000002274,-0.16699999999999982
18.751143,-0.07000000000000028,-0.19299999999999962
18.761143,-0.0799999999999983,-0.22299999999999986
18.771145,-0.09000000000000341,-0.22599999999999998
18.781146,-0.10000000000000142,-0.2519999999999998
18.791146,-0.10000000000000142,-0.2599999999999998
18.801147,-0.10000000000000142,-0.2709999999999999
18.811147000000002,-0.10000000000000142,-0.26700000000000035
18.821148,-0.09000000000000341,-0.24899999999999967
18.83115,-0.10000000000000142,-0.2560000000000002
18.841151,-0.10000000000000142,-0.2629999999999999
18.851151,-0.09000000000000341,-0.24899999999999967
18.861153,-0.09000000000000341,-0.2370000000000001
18.871154,-0.10000000000000142,-0.2519999999999998
18.881155,-0.10000000000000142,-0.2560000000000002
18.891156,-0.10999999999999943,-0.29300000000000015
18.901156,-0.10999999999999943,-0.30400000000000027
18.911156000000002,-0.10999999999999943,-0.2969999999999997
18.921157,-0.10000000000000142,-0.2709999999999999
18.931159,-0.09000000000000341,-0.24899999999999967
18.941161,-0.09000000000000341,-0.2450000000000001
18.951166,-0.09000000000000341,-0.2370000000000001
18.961169,-0.09000000000000341,-0.24099999999999966
18.97117,-0.0799999999999983,-0.22299999999999986
18.981171,-0.0799999999999983,-0.21199999999999974
18.991174,-0.0799999999999983,-0.21199999999999974
19.001175,-0.0799999999999983,-0.20000000000000018
19.011176,-0.07000000000000028,-0.18200000000000038
19.021177,-0.07000000000000028,-0.19299999999999962
19.031178,-0.0799999999999983,-0.20800000000000018
19.041179,-0.09000000000000341,-0.22599999999999998
19.05118,-0.0799999999999983,-0.21199999999999974
19.06118,-0.07000000000000028,-0.19299999999999962
19.071180000000002,-0.060000000000002274,-0.17100000000000026
19.081181,-0.060000000000002274,-0.17100000000000026
19.091182,-0.060000000000002274,-0.16699999999999982
19.101182,-0.07000000000000028,-0.19700000000000006
19.111183,-0.0799999999999983,-0.21499999999999986
19.121184,-0.09000000000000341,-0.23000000000000043
19.131184,-0.09000000000000341,-0.23399999999999999
19.141185,-0.09000000000000341,-0.23000000000000043
19.151186,-0.10000000000000142,-0.2599999999999998
19.161186,-0.10000000000000142,-0.2560000000000002
19.171187,-0.10000000000000142,-0.2519999999999998
19.181187,-0.09000000000000341,-0.24899999999999967
19.191188,-0.10999999999999943,-0.2859999999999996
19.201189,-0.10999999999999943,-0.2859999999999996
19.21119,-0.10999999999999943,-0.29300000000000015
19.22119,-0.10999999999999943,-0.2859999999999996
19.23119,-0.10000000000000142,-0.27500000000000036
19.241191,-0.10999999999999943,-0.2859999999999996
19.251192,-0.10000000000000142,-0.2709999999999999
19.261192,-0.09000000000000341,-0.2450000000000001
19.271193,-0.09000000000000341,-0.24099999999999966
19.281194,-0.09000000000000341,-0.23000000000000043
19.291194,-0.09000000000000341,-0.22599999999999998
19.301195,-0.0799999999999983,-0.20800000000000018
19.311196,-0.0799999999999983,-0.20000000000000018
19.321196,-0.07000000000000028,-0.18200000000000038
19.331197,-0.060000000000002274,-0.16300000000000026
19.341198,-0.060000000000002274,-0.16300000000000026
19.351198,-0.060000000000002274,-0.15200000000000014
19.361198,-0.04999999999999716,-0.14499999999999957
19.371199,-0.03999999999999915,-0.11500000000000021
19.3812,-0.03999999999999915,-0.11500000000000021
19.3912,-0.03999999999999915,-0.09299999999999997
19.401201,-0.03999999999999915,-0.09999999999999964
19.411203,-0.03999999999999915,-0.11099999999999977
19.421204,-0.03999999999999915,-0.10799999999999965
19.431204,-0.030000000000001137,-0.08499999999999996
19.441206,-0.03999999999999915,-0.09999999999999964
19.451207,-0.03999999999999915,-0.09999999999999964
19.461207,-0.030000000000001137,-0.08900000000000041
19.471209,-0.04999999999999716,-0.12600000000000033
19.48121,-0.04999999999999716,-0.12600000000000033
19.491211,-0.04999999999999716,-0.13400000000000034
19.501212,-0.060000000000002274,-0.1479999999999997
19.511212,-0.060000000000002274,-0.15200000000000014
19.521213,-0.060000000000002274,-0.15200000000000014
19.531214,-0.07000000000000028,-0.18900000000000006
19.541215,-0.07000000000000028,-0.19700000000000006
19.551216,-0.0799999999999983,-0.21199999999999974
19.561216,-0.0799999999999983,-0.21199999999999974
19.571218000000002,-0.09000000000000341,-0.23000000000000043
19.581219,-0.09000000000000341,-0.23000000000000043
19.59122,-0.0799999999999983,-0.2190000000000003
19.601221,-0.0799999999999983,-0.22299999999999986
19.611221,-0.0799999999999983,-0.20000000000000018
19.621222,-0.09000000000000341,-0.23000000000000043
19.631223,-0.09000000000000341,-0.22599999999999998
19.641223,-0.09000000000000341,-0.23399999999999999
19.651223,-0.0799999999999983,-0.22299999999999986
19.661225,-0.0799999999999983,-0.22299999999999986
19.671226,-0.0799999999999983,-0.21499999999999986
19.681227,-0.060000000000002274,-0.16699999999999982
19.691227,-0.04999999999999716,-0.14100000000000001
19.701228,-0.03999999999999915,-0.11899999999999977
19.711229,-0.04999999999999716,-0.1299999999999999
19.721229,-0.060000000000002274,-0.1559999999999997
19.73123,-0.07000000000000028,-0.17799999999999994
19.74123,-0.07000000000000028,-0.18900000000000006
19.751231,-0.0799999999999983,-0.21499999999999986
19.761232,-0.0799999999999983,-0.21199999999999974
19.771232,-0.07000000000000028,-0.19700000000000006
19.781233,-0.07000000000000028,-0.18599999999999994
19.791233000000002,-0.060000000000002274,-0.15200000000000014
19.801234,-0.060000000000002274,-0.16300000000000026
19.811235,-0.060000000000002274,-0.16699999999999982
19.821236,-0.060000000000002274,-0.17100000000000026
19.831236,-0.07000000000000028,-0.17799999999999994
19.841237,-0.07000000000000028,-0.18599999999999994
19.851238,-0.060000000000002274,-0.16699999999999982
19.861238,-0.060000000000002274,-0.16699999999999982
19.871238,-0.060000000000002274,-0.16300000000000026
19.881239,-0.04999999999999716,-0.14499999999999957
19.891241,-0.04999999999999716,-0.14100000000000001
19.901243,-0.04999999999999716,-0.12199999999999989
19.911244,-0.03999999999999915,-0.10799999999999965
19.921245,-0.03999999999999915,-0.11899999999999977
19.931245,-0.030000000000001137,-0.08900000000000041
19.941246,-0.030000000000001137,-0.08499999999999996
19.951247,-0.030000000000001137,-0.07399999999999984
19.961247,-0.020000000000003126,-0.0519999999999996
19.971248,-0.00999999999999801,-0.019000000000000128
19.981249000000002,0.0,-0.0039999999999995595
19.991251000000002,0.0,-0.0039999999999995595
20.001252,0.0,0.0
