time,ticks,degrees
2.1000000000000185e-05,15215,15215
0.005023,14345,14345
0.010025,13523,13523
0.015025999999999998,12746,12746
0.020027000000000003,11953,11953
0.025030999999999998,11234,11234
0.030033000000000004,10632,10632
0.035033999999999996,10056,10056
0.040036,9466,9466
0.04503700000000001,8923,8923
0.050039,8438,8438
0.055040000000000006,8009,8009
0.060042,7559,7559
0.065043,7146,7146
0.07004300000000001,6769,6769
0.07504300000000001,6450,6450
0.08004499999999999,6190,6190
0.085046,6008,6008
0.090046,5910,5910
0.095046,5888,5888
0.10004600000000001,5921,5921
0.10504600000000001,5996,5996
0.11004699999999999,6109,6109
0.115048,6248,6248
0.120049,6397,6397
0.12504900000000002,6533,6533
0.13004900000000003,6650,6650
0.13504900000000003,6744,6744
0.14005,6804,6804
0.14505,6842,6842
0.15005000000000002,6844,6844
0.15505000000000002,6845,6845
0.16005000000000003,6845,6845
0.16505000000000003,6844,6844
0.170051,6842,6842
0.175051,6843,6843
0.180052,6845,6845
0.18505300000000002,6842,6842
0.19005300000000003,6846,6846
0.195054,6843,6843
0.200054,6844,6844
0.20505400000000001,6845,6845
0.210055,6843,6843
0.215055,6843,6843
0.220055,6843,6843
0.22505599999999998,6842,6842
0.230057,6844,6844
0.235058,6845,6845
0.24006,6845,6845
0.24506099999999997,6844,6844
0.250062,6844,6844
0.255062,6843,6843
0.260062,6845,6845
0.265063,6844,6844
0.270063,6843,6843
0.275063,6845,6845
0.280064,6844,6844
0.285064,6843,6843
0.290064,6841,6841
0.295064,6842,6842
0.30006499999999997,6843,6843
0.305066,6844,6844
0.310067,6844,6844
0.315067,6842,6842
0.320067,6845,6845
0.325067,6843,6843
0.330067,6845,6845
0.335067,6842,6842
0.340067,6845,6845
0.345067,6842,6842
0.350068,6844,6844
0.355068,6845,6845
0.360068,6844,6844
0.365068,6843,6843
0.370068,6841,6841
0.375068,6844,6844
0.380069,6842,6842
0.385069,6846,6846
0.390069,6842,6842
0.395076,6844,6844
0.400076,6844,6844
0.405076,6844,6844
0.410076,6844,6844
0.415076,6844,6844
0.420076,6845,6845
0.425076,6845,6845
0.430076,6843,6843
0.435077,6844,6844
0.44007799999999997,6841,6841
0.445078,6842,6842
0.45007800000000003,6844,6844
0.45507800000000004,6842,6842
0.46007800000000004,6844,6844
0.46507899999999996,6842,6842
0.47008,6841,6841
0.47508,6843,6843
0.48008,6844,6844
0.48508,6843,6843
0.49008,6846,6846
0.49508,6843,6843
0.500081,6843,6843
0.505081,6844,6844
0.510081,6845,6845
0.515081,6843,6843
0.520081,6845,6845
0.525081,6844,6844
0.530082,6844,6844
0.5350820000000001,6844,6844
0.5400820000000001,6845,6845
0.5450820000000001,6844,6844
0.5500820000000001,6843,6843
0.5550820000000001,6842,6842
0.5600820000000001,6842,6842
0.565083,6843,6843
0.570083,6842,6842
0.575083,6841,6841
0.580087,6845,6845
0.585087,6843,6843
0.590087,6842,6842
0.595087,6842,6842
0.6000880000000001,6844,6844
0.6050880000000001,6842,6842
0.6100880000000001,6844,6844
0.615089,6845,6845
0.620089,6842,6842
0.625089,6845,6845
0.63009,6844,6844
0.63509,6842,6842
0.64009,6841,6841
0.64509,6844,6844
0.6500900000000001,6844,6844
0.6550900000000001,6844,6844
0.6600900000000001,6843,6843
0.6650900000000001,6845,6845
0.6700900000000001,6843,6843
0.6750900000000001,6842,6842
0.6800900000000001,6844,6844
0.6850900000000001,6842,6842
0.6900900000000001,6842,6842
0.6950900000000001,6845,6845
0.700091,6843,6843
0.705091,6842,6842
0.710091,6842,6842
0.715091,6845,6845
0.720091,6844,6844
0.725091,6842,6842
0.730091,6842,6842
0.735091,6842,6842
0.740091,6844,6844
0.7450910000000001,6845,6845
0.7500910000000001,6844,6844
0.7550910000000001,6843,6843
0.7600910000000001,6844,6844
0.7650910000000001,6844,6844
0.770092,6845,6845
0.775092,6844,6844
0.780092,6844,6844
0.785092,6845,6845
0.790093,6847,6847
0.795093,6842,6842
0.800093,6845,6845
0.8050930000000001,6843,6843
0.8100930000000001,6844,6844
0.8150930000000001,6842,6842
0.8200930000000001,6840,6840
0.8250930000000001,6843,6843
0.830095,6841,6841
0.8350960000000001,6842,6842
0.8400970000000001,6845,6845
0.8450970000000001,6842,6842
0.850098,6845,6845
0.855099,6844,6844
0.8601000000000001,6845,6845
0.8651000000000001,6842,6842
0.870101,6842,6842
0.875101,6844,6844
0.880101,6844,6844
0.885101,6844,6844
0.8901020000000001,6843,6843
0.8951030000000001,6842,6842
0.9001030000000001,6843,6843
0.905104,6844,6844
0.910105,6842,6842
0.9151050000000001,6842,6842
0.9201060000000001,6844,6844
0.925107,6844,6844
0.930107,6841,6841
0.935107,6841,6841
0.940107,6841,6841
0.9451080000000001,6843,6843
0.950108,6843,6843
0.9551080000000001,6841,6841
0.960108,6845,6845
0.9651080000000001,6843,6843
0.970108,6843,6843
0.9751080000000001,6845,6845
0.980108,6844,6844
0.985109,6842,6842
0.9901090000000001,6845,6845
0.995109,6844,6844
1.0001090000000001,6845,6845
1.005109,6844,6844
1.0101090000000001,6843,6843
1.015109,6844,6844
1.0201090000000002,6844,6844
1.025109,6844,6844
1.030109,6844,6844
1.035109,6843,6843
1.040109,6845,6845
1.045109,6846,6846
1.05011,6846,6846
1.0551110000000001,6844,6844
1.060111,6843,6843
1.0651110000000001,6844,6844
1.070111,6843,6843
1.0751110000000001,6845,6845
1.080111,6844,6844
1.085112,6843,6843
1.090112,6844,6844
1.095112,6845,6845
1.100112,6844,6844
1.105112,6843,6843
1.110112,6844,6844
1.115112,6843,6843
1.120112,6843,6843
1.1251120000000001,6844,6844
1.130112,6843,6843
1.1351120000000001,6842,6842
1.140112,6843,6843
1.145113,6843,6843
1.150113,6842,6842
1.155113,6842,6842
1.160114,6843,6843
1.165114,6843,6843
1.170114,6844,6844
1.175114,6843,6843
1.180115,6845,6845
1.1851150000000001,6844,6844
1.190115,6843,6843
1.1951150000000001,6847,6847
1.200115,6845,6845
1.205115,6843,6843
1.210115,6843,6843
1.215115,6841,6841
1.220115,6843,6843
1.225115,6844,6844
1.230115,6845,6845
1.235115,6842,6842
1.240115,6842,6842
1.245115,6846,6846
1.250115,6841,6841
1.255115,6843,6843
1.260115,6841,6841
1.265115,6842,6842
1.270115,6845,6845
1.275115,6844,6844
1.2801150000000001,6844,6844
1.285115,6845,6845
1.2901150000000001,6844,6844
1.295115,6843,6843
1.3001150000000001,6844,6844
1.305115,6842,6842
1.310116,6843,6843
1.315116,6844,6844
1.320116,6844,6844
1.325116,6841,6841
1.330116,6844,6844
1.335116,6842,6842
1.340116,6845,6845
1.345116,6842,6842
1.350116,6843,6843
1.355116,6846,6846
1.360116,6843,6843
1.365116,6842,6842
1.3701160000000001,6842,6842
1.375116,6844,6844
1.3801160000000001,6844,6844
1.385116,6845,6845
1.390117,6843,6843
1.395117,6843,6843
1.400117,6844,6844
1.405117,6844,6844
1.410117,6842,6842
1.415117,6842,6842
1.420117,6841,6841
1.425117,6843,6843
1.430117,6846,6846
1.435117,6842,6842
1.440117,6844,6844
1.445117,6846,6846
1.450117,6844,6844
1.455117,6843,6843
1.460117,6844,6844
1.465117,6842,6842
1.4701170000000001,6844,6844
1.475117,6841,6841
1.4801170000000001,6841,6841
1.485117,6844,6844
1.4901170000000001,6844,6844
1.495117,6843,6843
1.5001170000000001,6844,6844
1.505117,6843,6843
1.5101170000000002,6845,6845
1.515117,6845,6845
1.520117,6841,6841
1.525117,6841,6841
1.530117,6844,6844
1.535118,6845,6845
1.540118,6844,6844
1.545118,6843,6843
1.550118,6844,6844
1.5551190000000001,6843,6843
1.560119,6842,6842
1.5651190000000001,6842,6842
1.570119,6844,6844
1.575119,6843,6843
1.580119,6842,6842
1.585119,6844,6844
1.590119,6845,6845
1.595119,6844,6844
1.600119,6845,6845
1.605119,6842,6842
1.610119,6842,6842
1.615119,6845,6845
1.620119,6845,6845
1.625119,6844,6844
1.630119,6843,6843
1.6351200000000001,6841,6841
1.64012,6841,6841
1.6451200000000001,6845,6845
1.65012,6843,6843
1.6551200000000001,6844,6844
1.66012,6844,6844
1.66512,6842,6842
1.67012,6844,6844
1.67512,6843,6843
1.68012,6841,6841
1.68512,6845,6845
1.69012,6843,6843
1.69512,6842,6842
1.70012,6843,6843
1.70512,6844,6844
1.71012,6843,6843
1.71512,6841,6841
1.72012,6842,6842
1.72512,6844,6844
1.73012,6843,6843
1.73512,6844,6844
1.7401200000000001,6845,6845
1.74512,6843,6843
1.7501280000000001,6843,6843
1.755128,6845,6845
1.7601280000000001,6843,6843
1.765128,6843,6843
1.77013,6843,6843
1.7751320000000002,6844,6844
1.780134,6844,6844
1.7851350000000001,6843,6843
1.790136,6844,6844
1.795137,6842,6842
1.800139,6819,6819
1.80514,6753,6753
1.810141,6659,6659
1.815142,6540,6540
1.820143,6408,6408
1.825144,6268,6268
1.8301450000000001,6138,6138
1.835146,6022,6022
1.840147,5926,5926
1.845148,5839,5839
1.85015,5766,5766
1.855151,5686,5686
1.860152,5583,5583
1.865153,5473,5473
1.870154,5325,5325
1.8751550000000001,5115,5115
1.880156,4833,4833
1.885157,4489,4489
1.890158,4114,4114
1.895159,3722,3722
1.90016,3336,3336
1.905161,2960,2960
1.9101620000000001,2573,2573
1.915163,2137,2137
1.920164,1672,1672
1.925165,1181,1181
1.9301650000000001,689,689
1.935166,201,201
1.940167,16085,16085
1.945167,15533,15533
1.9501670000000002,14936,14936
1.9551680000000002,14331,14331
1.9601689999999998,13732,13732
1.9651690000000002,13124,13124
1.970169,12474,12474
1.97517,11825,11825
1.98017,11179,11179
1.985171,10564,10564
1.990172,9917,9917
1.995173,9245,9245
2.0001729999999998,8547,8547
2.005174,7824,7824
2.0101739999999997,7090,7090
2.0151749999999997,6361,6361
2.0201759999999997,5651,5651
2.025177,4934,4934
2.0301769999999997,4176,4176
2.035177,3409,3409
2.040177,2651,2651
2.045177,1871,1871
2.0501769999999997,1065,1065
2.0551779999999997,248,248
2.0601779999999996,15793,15793
2.0651789999999997,14909,14909
2.070179,14036,14036
2.07518,13136,13136
2.08018,12240,12240
2.085181,11333,11333
2.090182,10491,10491
2.095183,9634,9634
2.1001839999999996,8740,8740
2.105184,7812,7812
2.110184,6916,6916
2.115185,6018,6018
2.120186,5114,5114
2.125187,4176,4176
2.130187,3253,3253
2.135188,2328,2328
2.1401879999999998,1380,1380
2.145189,408,408
2.15019,15802,15802
2.155191,14770,14770
2.1601909999999998,13753,13753
2.1651909999999996,12735,12735
2.170191,11666,11666
2.175191,10676,10676
2.1801909999999998,9695,9695
2.185192,8685,8685
2.190193,7669,7669
2.1951929999999997,6641,6641
2.2001939999999998,5637,5637
2.2051939999999997,4615,4615
2.210194,3585,3585
2.215194,2568,2568
2.220195,1529,1529
2.225195,461,461
2.2301949999999997,15748,15748
2.235195,14607,14607
2.240195,13471,13471
2.245195,12349,12349
2.2501949999999997,11231,11231
2.2551949999999996,10160,10160
2.2601959999999996,9080,9080
2.265196,7977,7977
2.270196,6864,6864
2.275197,5729,5729
2.280197,4641,4641
2.285198,3532,3532
2.2901979999999997,2438,2438
2.2951979999999996,1313,1313
2.3001989999999997,156,156
2.3051999999999997,15340,15340
2.3102,14111,14111
2.315203,12925,12925
2.320204,11723,11723
2.325204,10568,10568
2.330205,9427,9427
2.3352049999999998,8260,8260
2.3402049999999996,7075,7075
2.345205,5877,5877
2.350205,4725,4725
2.3552049999999998,3571,3571
2.3602049999999997,2400,2400
2.365205,1213,1213
2.370205,16371,16371
2.375205,15104,15104
2.380206,13821,13821
2.3852059999999997,12571,12571
2.3902069999999997,11312,11312
2.3952069999999996,10116,10116
2.400207,8912,8912
2.405207,7685,7685
2.4102069999999998,6456,6456
2.4152069999999997,5235,5235
2.420207,3997,3997
2.425207,2809,2809
2.430207,1585,1585
2.4352069999999997,327,327
2.440207,15407,15407
2.4452079999999996,14068,14068
2.450208,12749,12749
2.455208,11447,11447
2.4602079999999997,10205,10205
2.4652079999999996,8964,8964
2.4702089999999997,7696,7696
2.475209,6430,6430
2.480209,5189,5189
2.485209,3910,3910
2.4902089999999997,2669,2669
2.4952099999999997,1384,1384
2.50021,52,52
2.50521,15073,15073
2.510211,13727,13727
2.515211,12362,12362
2.5202109999999998,10892,10892
2.5252109999999997,9644,9644
2.530211,8303,8303
2.535211,6989,6989
2.5402109999999998,5699,5699
2.545212,4418,4418
2.5502119999999997,3132,3132
2.555212,1845,1845
2.560212,515,515
2.565212,15496,15496
2.5702119999999997,14104,14104
2.5752119999999996,12735,12735
2.5802129999999996,11363,11363
2.585213,10060,10060
2.590213,8740,8740
2.5952129999999998,7400,7400
2.6002129999999997,6033,6033
2.605213,4726,4726
2.610213,3402,3402
2.615213,2097,2097
2.6202129999999997,753,753
2.625213,15735,15735
2.630213,14309,14309
2.635213,12887,12887
2.6402129999999997,11486,11486
2.645213,10150,10150
2.650213,8812,8812
2.655213,7448,7448
2.6602129999999997,6101,6101
2.6652129999999996,4773,4773
2.670213,3404,3404
2.675214,2057,2057
2.680214,712,712
2.6852139999999998,15670,15670
2.6902139999999997,14228,14228
2.695214,12814,12814
2.700214,11395,11395
2.705214,9989,9989
2.710215,8631,8631
2.7152149999999997,7226,7226
2.7202149999999996,5867,5867
2.725215,4513,4513
2.730215,10451,10451
2.735217,8994,8994
2.740218,7592,7592
2.7452189999999996,6182,6182
2.7502199999999997,4818,4818
2.7552209999999997,3440,3440
2.7602219999999997,2057,2057
2.7652229999999998,655,655
2.770224,15573,15573
2.775225,14099,14099
2.780226,12646,12646
2.785227,11199,11199
2.790228,9822,9822
2.795229,8378,8378
2.80023,6961,6961
2.805231,5579,5579
2.8102319999999996,4193,4193
2.8152329999999997,2819,2819
2.8202339999999997,1437,1437
2.8252349999999997,16375,16375
2.8302359999999998,14861,14861
2.835237,13391,13391
2.840239,11926,11926
2.84524,10507,10507
2.85024,9115,9115
2.855241,7697,7697
2.860242,6284,6284
2.865243,4851,4851
2.870244,3454,3454
2.8752449999999996,2096,2096
2.8802459999999996,649,649
2.885246,15576,15576
2.890247,14081,14081
2.895248,12584,12584
2.9002489999999996,11094,11094
2.9052499999999997,9694,9694
2.91025,8282,8282
2.91525,6849,6849
2.92025,5452,5452
2.925251,4047,4047
2.930252,2662,2662
2.935253,1222,1222
2.940254,16141,16141
2.945254,14632,14632
2.9502539999999997,13154,13154
2.9552549999999997,11668,11668
2.9602559999999998,10219,10219
2.965257,8829,8829
2.970258,7339,7339
2.975259,5918,5918
2.98026,4512,4512
2.985261,3104,3104
2.990262,1699,1699
2.995263,247,247
3.000263,15113,15113
3.005263,13589,13589
3.0102629999999997,12092,12092
3.0152639999999997,10637,10637
3.0202639999999996,9221,9221
3.0252649999999996,7778,7778
3.030265,6337,6337
3.035266,4927,4927
3.0402669999999996,3452,3452
3.0452679999999996,2052,2052
3.050268,593,593
3.055268,15467,15467
3.0602679999999998,13944,13944
3.065269,12450,12450
3.07027,10943,10943
3.075271,9523,9523
3.0802709999999998,8080,8080
3.0852709999999997,6628,6628
3.090271,5210,5210
3.095272,3787,3787
3.1002729999999996,2376,2376
3.105273,933,933
3.110274,15784,15784
3.115275,14256,14256
3.120275,12755,12755
3.125275,11254,11254
3.130276,9803,9803
3.135277,8387,8387
3.1402769999999998,6925,6925
3.1452769999999997,5450,5450
3.150277,4019,4019
3.155278,2608,2608
3.1602789999999996,1167,1167
3.1652799999999996,16051,16051
3.1702809999999997,14512,14512
3.175281,13003,13003
3.1802819999999996,11464,11464
3.185282,10022,10022
3.190282,8582,8582
3.195283,7115,7115
3.200284,5681,5681
3.205285,4246,4246
3.210285,2831,2831
3.215286,1343,1343
3.2202859999999998,16232,16232
3.2252859999999997,14690,14690
3.2302869999999997,13183,13183
3.235287,11697,11697
3.240287,10220,10220
3.245288,8780,8780
3.250289,7293,7293
3.25529,5850,5850
3.2602909999999996,4420,4420
3.2652919999999996,2994,2994
3.2702929999999997,1568,1568
3.275293,76,76
3.280294,14920,14920
3.2852949999999996,13383,13383
3.2902959999999997,11863,11863
3.2952969999999997,10400,10400
3.300297,8911,8911
3.305297,7452,7452
3.310297,6002,6002
3.315298,4544,4544
3.320299,3116,3116
3.3253,1693,1693
3.330301,187,187
3.335301,15029,15029
3.3403009999999997,13507,13507
3.3453019999999998,11940,11940
3.350303,10472,10472
3.3553029999999997,9031,9031
3.3603039999999997,7574,7574
3.3653049999999998,6119,6119
3.3703049999999997,4688,4688
3.375305,3251,3251
3.380305,1806,1806
3.385305,328,328
3.390306,15174,15174
3.3953059999999997,13649,13649
3.4003059999999996,12136,12136
3.405306,10655,10655
3.410307,9219,9219
3.415308,7706,7706
3.420309,6254,6254
3.4253099999999996,4821,4821
3.4303109999999997,3383,3383
3.4353119999999997,1963,1963
3.4403129999999997,490,490
3.4453129999999996,15339,15339
3.450313,13779,13779
3.455314,12270,12270
3.460315,10754,10754
3.465315,9318,9318
3.470316,7857,7857
3.475316,6397,6397
3.480317,4913,4913
3.4853169999999998,3473,3473
3.4903169999999997,2053,2053
3.495317,583,583
3.500317,15435,15435
3.505317,13900,13900
3.510318,12391,12391
3.515319,10865,10865
3.52032,9429,9429
3.525321,7940,7940
3.530321,6451,6451
3.5353209999999997,5021,5021
3.5403209999999996,3578,3578
3.545321,2131,2131
3.550321,667,667
3.5553209999999997,15517,15517
3.5603209999999996,13978,13978
3.565321,12463,12463
3.570321,10963,10963
3.5753209999999997,9525,9525
3.5803209999999996,8041,8041
3.5853219999999997,6548,6548
3.590322,5145,5145
3.595322,3697,3697
3.600322,2274,2274
3.6053219999999997,816,816
3.610322,15672,15672
3.615322,14072,14072
3.620322,12558,12558
3.6253219999999997,11054,11054
3.6303219999999996,9618,9618
3.635322,8159,8159
3.640322,6687,6687
3.6453219999999997,5257,5257
3.6503229999999998,3785,3785
3.6553229999999997,2362,2362
3.660323,904,904
3.665323,15768,15768
3.670323,6028,6028
3.675324,4578,4578
3.680325,3166,3166
3.6853279999999997,1804,1804
3.69033,428,428
3.695331,15447,15447
3.700332,14098,14098
3.705333,12834,12834
3.710334,11604,11604
3.7153349999999996,10466,10466
3.7203359999999996,9384,9384
3.7253369999999997,8312,8312
3.7303379999999997,7246,7246
3.7353389999999997,6253,6253
3.7403399999999998,5325,5325
3.745341,4412,4412
3.750342,3537,3537
3.755343,2721,2721
3.760344,1920,1920
3.765344,1128,1128
3.7703439999999997,376,376
3.775344,16059,16059
3.780344,15369,15369
3.785345,14685,14685
3.790345,14078,14078
3.7953449999999997,13512,13512
3.8003449999999996,12965,12965
3.805345,12447,12447
3.810346,11972,11972
3.815347,11548,11548
3.8203479999999996,11210,11210
3.825348,10953,10953
3.830348,10743,10743
3.835349,10557,10557
3.84035,10362,10362
3.84535,10147,10147
3.850351,9937,9937
3.855352,9744,9744
3.860353,9580,9580
3.865353,9447,9447
3.8703529999999997,9344,9344
3.8753529999999996,9286,9286
3.8803539999999996,9275,9275
3.8853549999999997,9282,9282
3.890355,9287,9287
3.895356,9291,9291
3.900356,9293,9293
3.905356,9298,9298
3.9103559999999997,9300,9300
3.9153569999999998,9303,9303
3.9203569999999996,9299,9299
3.9253579999999997,9299,9299
3.9303589999999997,9300,9300
3.9353589999999996,9299,9299
3.940359,9298,9298
3.945359,9301,9301
3.9503599999999994,9299,9299
3.95536,9297,9297
3.96036,9301,9301
3.9653619999999994,9302,9302
3.970362,9299,9299
3.975362,9299,9299
3.980363,9297,9297
3.985363,9300,9300
3.990363,9300,9300
3.9953629999999998,9301,9301
4.000363,9302,9302
4.005363,9302,9302
4.010364,9302,9302
4.015365,9302,9302
4.020365,9300,9300
4.025365,9302,9302
4.030365000000001,9297,9297
4.0353650000000005,9300,9300
4.040365,9302,9302
4.045365,9302,9302
4.050365,9301,9301
4.055366,9301,9301
4.060366,9299,9299
4.065366,9297,9297
4.070366,9302,9302
4.075366000000001,9300,9300
4.080367,9298,9298
4.085367000000001,9302,9302
4.090368000000001,9299,9299
4.095368000000001,9298,9298
4.100369000000001,9304,9304
4.1053690000000005,9300,9300
4.1103700000000005,9296,9296
4.115371000000001,9297,9297
4.1203710000000004,9301,9301
4.125371,9300,9300
4.130372,9299,9299
4.135373,9303,9303
4.140373,9304,9304
4.145373,9300,9300
4.150373,9301,9301
4.155374,9302,9302
4.160374,9302,9302
4.165374,9302,9302
4.170374000000001,9300,9300
4.175375,9301,9301
4.180376,9303,9303
4.185376000000001,9302,9302
4.1903760000000005,9301,9301
4.195376,9299,9299
4.2003770000000005,9301,9301
4.205377,9300,9300
4.210378,9300,9300
4.215379,9299,9299
4.220379,9301,9301
4.22538,9298,9298
4.23038,9301,9301
4.23538,9301,9301
4.240381,9299,9299
4.245381,9301,9301
4.250381,9302,9302
4.255381,9300,9300
4.260381000000001,9303,9303
4.2653810000000005,9299,9299
4.270381,9299,9299
4.275381,9300,9300
4.280381,9302,9302
4.285381,9301,9301
4.290381,9299,9299
4.295381,9302,9302
4.300381000000001,9302,9302
4.305382000000001,9301,9301
4.310382000000001,9300,9300
4.3153820000000005,9301,9301
4.320382,9304,9304
4.325382,9299,9299
4.330382,9302,9302
4.335382,9299,9299
4.340383,9301,9301
4.345383,9298,9298
4.350384,9300,9300
4.355384,9300,9300
4.360384000000001,9300,9300
4.365384000000001,9301,9301
4.370385000000001,9299,9299
4.375386000000001,9301,9301
4.380386000000001,9296,9296
4.3853860000000005,9301,9301
4.390386,9300,9300
4.395386,9299,9299
4.4003890000000006,9301,9301
4.405390000000001,9298,9298
4.4103900000000005,9301,9301
4.41539,9300,9300
4.42039,9301,9301
4.42539,9301,9301
4.43039,9304,9304
4.435391,9299,9299
4.440391,9299,9299
4.445391,9298,9298
4.450391000000001,9301,9301
4.4553910000000005,9300,9300
4.460391,9301,9301
4.4653920000000005,9299,9299
4.470392,9299,9299
4.475392,9303,9303
4.480392,9300,9300
4.485392,9301,9301
4.490392,9302,9302
4.495392,9299,9299
4.500392000000001,9302,9302
4.5053920000000005,9301,9301
4.510392,9300,9300
4.515392,9299,9299
4.520392,9298,9298
4.525392,9302,9302
4.530392,9301,9301
4.535392,9301,9301
4.540392000000001,9303,9303
4.5453920000000005,9301,9301
4.550392,9303,9303
4.555392,9304,9304
4.560392,9301,9301
4.565393,9297,9297
4.570393,9301,9301
4.575393,9302,9302
4.580393,9300,9300
4.585393,9301,9301
4.590393000000001,9302,9302
4.595394000000001,9299,9299
4.6003940000000005,9299,9299
4.605394,9300,9300
4.610394,9302,9302
4.615395,9296,9296
4.620396,9304,9304
4.625397,9300,9300
4.6303980000000005,9299,9299
4.6353990000000005,9303,9303
4.6404000000000005,9301,9301
4.645401000000001,9300,9300
4.650402000000001,9300,9300
4.655403000000001,9298,9298
4.660404000000001,9299,9299
4.665405000000001,9295,9295
4.670406,9300,9300
4.675407,9303,9303
4.680408,9301,9301
4.685409,9300,9300
4.690409,9298,9298
4.69541,9302,9302
4.700411,9300,9300
4.705412,9302,9302
4.710413,9298,9298
4.715414,9298,9298
4.720415,9299,9299
4.725415,9300,9300
4.730416,9300,9300
4.735416,9301,9301
4.740417,9302,9302
4.745418,9302,9302
4.750418000000001,9303,9303
4.755419,9300,9300
4.76042,9299,9299
4.765421,9300,9300
4.770422,9299,9299
4.775423,9299,9299
4.780424,9299,9299
4.785425,9302,9302
4.790426,9299,9299
4.795427,9302,9302
4.800428,9302,9302
4.805429,9301,9301
4.81043,9301,9301
4.815431,9302,9302
4.820432,9300,9300
4.825433,9301,9301
4.830434,9302,9302
4.835435,9301,9301
4.840436,9301,9301
4.845436,9301,9301
4.850437,9300,9300
4.855438,9302,9302
4.860439,9300,9300
4.86544,9302,9302
4.8704410000000005,9299,9299
4.8754420000000005,9299,9299
4.8804430000000005,9298,9298
4.885444000000001,9303,9303
4.890445000000001,9304,9304
4.895446000000001,9299,9299
4.900447000000001,9301,9301
4.905448000000001,9300,9300
4.910449,9301,9301
4.91545,9301,9301
4.920451,9302,9302
4.925452,9301,9301
4.930453,9299,9299
4.935454,9303,9303
4.940454,9302,9302
4.945455,9300,9300
4.950456,9300,9300
4.955457,9301,9301
4.960458,9299,9299
4.965459,9300,9300
4.97046,9301,9301
4.975461,9302,9302
4.980462,9300,9300
4.985463,9297,9297
4.990464,9302,9302
4.995465,9300,9300
5.000465,9301,9301
5.005466,9301,9301
5.010467,9298,9298
5.015467,9300,9300
5.020468,9300,9300
5.025469,9300,9300
5.03047,9300,9300
5.035471,9301,9301
5.040471,9300,9300
5.045472,9302,9302
5.050473,9300,9300
5.055475,9302,9302
5.060475,9301,9301
5.065476,9301,9301
5.070477,9301,9301
5.075478,9301,9301
5.080479,9300,9300
5.0854800000000004,9297,9297
5.0904810000000005,9300,9300
5.0954820000000005,9302,9302
5.1004830000000005,9299,9299
5.105484000000001,9303,9303
5.1104840000000005,9302,9302
5.1154850000000005,9300,9300
5.1204860000000005,9300,9300
5.125487000000001,9300,9300
5.130488000000001,9300,9300
5.1354880000000005,9301,9301
5.140488,9301,9301
5.145489,9300,9300
5.1504900000000005,9300,9300
5.1554910000000005,9299,9299
5.160491,9298,9298
5.165492,9298,9298
5.1704930000000004,9300,9300
5.1754940000000005,9300,9300
5.180494,9298,9298
5.185494,9302,9302
5.190494,9299,9299
5.195495,9298,9298
5.200496,9298,9298
5.205496,9302,9302
5.210500000000001,9300,9300
5.215501000000001,9301,9301
5.220502000000001,9300,9300
5.225503000000001,9301,9301
5.230504000000001,9302,9302
5.235505,9301,9301
5.240506,9303,9303
5.245506000000001,9297,9297
5.250507000000001,9301,9301
5.255508,9300,9300
5.260509,9299,9299
5.265509000000001,9301,9301
5.270510000000001,9299,9299
5.275511,9298,9298
5.280511000000001,9300,9300
5.2855110000000005,9302,9302
5.290511,9301,9301
5.295511,9301,9301
5.300511,9300,9300
5.305511,9299,9299
5.310511,9301,9301
5.315512,9301,9301
5.320513,9300,9300
5.325514,9304,9304
5.330515,9299,9299
5.335516,9297,9297
5.340517,9301,9301
5.345517,9301,9301
5.350517,9298,9298
5.355517,9300,9300
5.360518,9299,9299
5.365519,9300,9300
5.37052,9302,9302
5.375521,9302,9302
5.380524,9300,9300
5.385528,9300,9300
5.390529,9298,9298
5.39553,9301,9301
5.400531,9300,9300
5.405532,9301,9301
5.410533,9302,9302
5.415534,9298,9298
5.420535,9300,9300
5.425536,9300,9300
5.430537,9298,9298
5.435538,9301,9301
5.440538,9299,9299
5.445539,9297,9297
5.45054,9299,9299
5.455541,9302,9302
5.460541,9300,9300
5.465542,9300,9300
5.470542,9301,9301
5.475543,9300,9300
5.480544,9302,9302
5.485544,9302,9302
5.490544,9300,9300
5.495545,9300,9300
5.500545000000001,9302,9302
5.505545000000001,9302,9302
5.510546000000001,9303,9303
5.5155460000000005,9304,9304
5.520546,9300,9300
5.525546,9303,9303
5.530547,9299,9299
5.535548,9298,9298
5.540549,9299,9299
5.545549,9303,9303
5.5505510000000005,9278,9278
5.5555520000000005,9224,9224
5.5605530000000005,9142,9142
5.565555000000001,9040,9040
5.570557,8924,8924
5.575559,8799,8799
5.58056,8672,8672
5.585562,8545,8545
5.5905640000000005,8410,8410
5.595565000000001,8256,8256
5.600566000000001,8075,8075
5.605567000000001,7861,7861
5.610568000000001,7592,7592
5.61557,7278,7278
5.620571,6939,6939
5.625572,6590,6590
5.630573,6223,6223
5.635574,5877,5877
5.640575,5547,5547
5.645576,5199,5199
5.650577,4787,4787
5.655578,4330,4330
5.660579,3849,3849
5.66558,3365,3365
5.670581,2882,2882
5.675582,2386,2386
5.680583,1863,1863
5.685584,1304,1304
5.6905850000000004,725,725
5.6955860000000005,167,167
5.7005870000000005,15959,15959
5.7055880000000005,15322,15322
5.710588,14665,14665
5.7155890000000005,14012,14012
5.7205900000000005,13353,13353
5.7255910000000005,12658,12658
5.730592000000001,11942,11942
5.735593000000001,11235,11235
5.740594000000001,10568,10568
5.745595000000001,9867,9867
5.750596000000001,9136,9136
5.755596000000001,8392,8392
5.7605960000000005,7646,7646
5.7655970000000005,6871,6871
5.770598000000001,6073,6073
5.775599000000001,5327,5327
5.780600000000001,4555,4555
5.785601000000001,3751,3751
5.790602000000001,2959,2959
5.795602000000001,2164,2164
5.800603000000001,1333,1333
5.805604000000001,462,462
5.810605000000001,15981,15981
5.815606,15076,15076
5.820607,14163,14163
5.825608,13263,13263
5.830609,12340,12340
5.83561,11419,11419
5.840611,10524,10524
5.845612,9635,9635
5.850612,8711,8711
5.855613,7792,7792
5.860614,6848,6848
5.865615,5921,5921
5.870616,5010,5010
5.875617,4030,4030
5.880618,3084,3084
5.885619,2147,2147
5.89062,1168,1168
5.895621,170,170
5.900621,15515,15515
5.905622,14456,14456
5.910622,13401,13401
5.915622,12349,12349
5.920623,11300,11300
5.925624,10297,10297
5.930625,9283,9283
5.935626,8247,8247
5.940627,7188,7188
5.945627,6115,6115
5.950628,5099,5099
5.955629,4042,4042
5.96063,3002,3002
5.965631,1954,1954
5.970631,874,874
5.975631,16145,16145
5.980631000000001,14973,14973
5.985632,13832,13832
5.990633,12697,12697
5.995634,11550,11550
6.000634000000001,10450,10450
6.005635,9360,9360
6.010636,8244,8244
6.015637,7085,7085
6.020638,5967,5967
6.025639,4846,4846
6.03064,3705,3705
6.03564,2610,2610
6.040641,1447,1447
6.045642,298,298
6.050643,15412,15412
6.055643,14177,14177
6.060644,12969,12969
6.065645,11746,11746
6.070646,10564,10564
6.075646,9399,9399
6.080647,8211,8211
6.085648,6988,6988
6.090649,5806,5806
6.09565,4631,4631
6.10065,3440,3440
6.105651,2267,2267
6.110652,1054,1054
6.115653,16187,16187
6.120654,14852,14852
6.125655,13575,13575
6.130656,12301,12301
6.135657,11038,11038
6.140657,9829,9829
6.145658,8596,8596
6.150659,7344,7344
6.15566,6087,6087
6.160661,4868,4868
6.165662,3630,3630
6.170663,2412,2412
6.175664,1160,1160
6.180665,16247,16247
6.185666,14906,14906
6.190667,13562,13562
6.195668,12219,12219
6.200669,10898,10898
6.2056700000000005,9643,9643
6.2106710000000005,8363,8363
6.2156720000000005,7067,7067
6.220672,5774,5774
6.2256730000000005,4504,4504
6.2306740000000005,3230,3230
6.235674,1973,1973
6.240675,663,663
6.245675,15688,15688
6.250676,14312,14312
6.255677,12916,12916
6.260678,11580,11580
6.265678,10254,10254
6.270679,8963,8963
6.27568,7648,7648
6.280681,6215,6215
6.285682,4924,4924
6.2906830000000005,3617,3617
6.295683,2329,2329
6.300683,1002,1002
6.305683,16011,16011
6.310683,14548,14548
6.315684,13163,13163
6.320685,11779,11779
6.325686,10440,10440
6.330687,9144,9144
6.335687,7772,7772
6.340687,6426,6426
6.345688,5091,5091
6.350688,3759,3759
6.355689,2444,2444
6.360689000000001,1105,1105
6.36569,16094,16094
6.370690000000001,14656,14656
6.3756900000000005,13250,13250
6.38069,11810,11810
6.38569,10452,10452
6.39069,9111,9111
6.395691,7739,7739
6.400691,6373,6373
6.405691,5041,5041
6.410692,3686,3686
6.415692,2305,2305
6.420692,936,936
6.425693,15893,15893
6.430694,14437,14437
6.435695,13009,13009
6.440695,11581,11581
6.445695000000001,10209,10209
6.450696000000001,8822,8822
6.4556960000000005,7429,7429
6.460696,6058,6058
6.465696,4701,4701
6.470697,3335,3335
6.475698,1984,1984
6.480698,591,591
6.485699,7220,7220
6.4907010000000005,5793,5793
6.495703000000001,4368,4368
6.500705,2968,2968
6.505707,1568,1568
6.510709,118,118
6.5157110000000005,14962,14962
6.520713000000001,13474,13474
6.525715,11991,11991
6.530716,10547,10547
6.535717,9161,9161
6.540718,7752,7752
6.545719,6348,6348
6.55072,4967,4967
6.555721,3575,3575
6.560722,2156,2156
6.565723,747,747
6.570724,15661,15661
6.575725,14169,14169
6.580726,12712,12712
6.585727,11252,11252
6.590728,9864,9864
6.595729,8433,8433
6.60073,7013,7013
6.6057310000000005,5621,5621
6.6107320000000005,4229,4229
6.6157330000000005,2846,2846
6.620734000000001,1454,1454
6.625735000000001,5,5
6.630736000000001,14835,14835
6.635737000000001,13360,13360
6.640738000000001,11887,11887
6.645739,10466,10466
6.65074,9065,9065
6.655741,7666,7666
6.660742,6254,6254
6.665743,4810,4810
6.670744,3408,3408
6.675745,2020,2020
6.680746,596,596
6.685747,15483,15483
6.690748,13982,13982
6.695749,12507,12507
6.70075,11018,11018
6.705751,9618,9618
6.710752,8197,8197
6.715753,6764,6764
6.720754,5364,5364
6.725755,3953,3953
6.730756,2563,2563
6.735757,1097,1097
6.7407580000000005,16005,16005
6.7457590000000005,14489,14489
6.7507600000000005,13009,13009
6.755761000000001,11527,11527
6.760762000000001,10109,10109
6.765763000000001,8689,8689
6.770764000000001,7225,7225
6.775765000000001,5813,5813
6.780766,4405,4405
6.785767,3003,3003
6.790768,1600,1600
6.795769,138,138
6.80077,15002,15002
6.805771,13451,13451
6.810772,11957,11957
6.815773,10508,10508
6.820774,9120,9120
6.825775,7650,7650
6.830776,6244,6244
6.835777,4808,4808
6.840778,3364,3364
6.845779,1960,1960
6.85078,515,515
6.855781,15385,15385
6.860782,13873,13873
6.865783,12384,12384
6.8707840000000004,10906,10906
6.8757850000000005,9469,9469
6.8807860000000005,8025,8025
6.8857870000000005,6584,6584
6.890788000000001,5174,5174
6.895789000000001,3745,3745
6.900790000000001,2346,2346
6.905791000000001,912,912
6.910792,15746,15746
6.915793,14221,14221
6.920794,12729,12729
6.925795,11243,11243
6.930796,9822,9822
6.935797,8387,8387
6.940798,6940,6940
6.945799,5499,5499
6.9508,4076,4076
6.955801,2672,2672
6.960802,1243,1243
6.965803,16148,16148
6.970804,14617,14617
6.975805,13122,13122
6.980806,11595,11595
6.985807,10134,10134
6.990807,8702,8702
6.995808,7244,7244
7.000809,5820,5820
7.00581,4397,4397
7.010811,2976,2976
7.015812,1528,1528
7.020813,56,56
7.0258140000000004,14903,14903
7.0308150000000005,13395,13395
7.0358160000000005,11889,11889
7.0408170000000005,10441,10441
7.045818000000001,9011,9011
7.050819000000001,7532,7532
7.055820000000001,6093,6093
7.060821000000001,4676,4676
7.065822,3251,3251
7.070823,1834,1834
7.075824,370,370
7.080825,15232,15232
7.085826,13660,13660
7.090827,12157,12157
7.095828,10688,10688
7.100829,9267,9267
7.10583,7818,7818
7.110831,6366,6366
7.115832,4952,4952
7.120833,3491,3491
7.125834,2082,2082
7.130835,622,622
7.135836,15486,15486
7.140837,13956,13956
7.145838,12449,12449
7.150839,10957,10957
7.15584,9475,9475
7.1608410000000005,8023,8023
7.1658420000000005,6562,6562
7.170844000000001,5139,5139
7.175845000000001,3728,3728
7.180846,2288,2288
7.185847,837,837
7.190848,15679,15679
7.195849,14140,14140
7.20085,12605,12605
7.205851,11104,11104
7.210852,9677,9677
7.215853,8200,8200
7.220854,6711,6711
7.225855,5285,5285
7.230856,3851,3851
7.235857,2437,2437
7.240858,987,987
7.245859,15862,15862
7.25086,14326,14326
7.255861,12790,12790
7.260862,11285,11285
7.265863,9855,9855
7.270864,8411,8411
7.2758650000000005,6946,6946
7.2808660000000005,5518,5518
7.2858670000000005,4085,4085
7.290868000000001,2619,2619
7.295869000000001,1177,1177
7.300870000000001,16060,16060
7.305871000000001,14550,14550
7.310872000000001,13017,13017
7.315873,11507,11507
7.320874,10064,10064
7.325875,8605,8605
7.330876,7139,7139
7.335877,5706,5706
7.340878,4279,4279
7.345879,2858,2858
7.35088,1423,1423
7.355881,16325,16325
7.360882,14751,14751
7.365883,13218,13218
7.370884,11732,11732
7.375885,10280,10280
7.380886,8845,8845
7.385887,7380,7380
7.390888,5937,5937
7.395889,4454,4454
7.40089,3028,3028
7.4058910000000004,1604,1604
7.4108920000000005,120,120
7.4158930000000005,14970,14970
7.4208940000000005,13455,13455
7.425895000000001,3922,3922
7.430898,2465,2465
7.435901,1066,1066
7.440904000000001,16007,16007
7.445907,14546,14546
7.45091,13184,13184
7.4559120000000005,11884,11884
7.460913000000001,10640,10640
7.465914000000001,9484,9484
7.470917,8310,8310
7.475919,7197,7197
7.480921,6138,6138
7.485922,5140,5140
7.490923,4156,4156
7.4959240000000005,3223,3223
7.5009250000000005,2306,2306
7.5059260000000005,1424,1424
7.510927000000001,574,574
7.515928000000001,16148,16148
7.520929000000001,15338,15338
7.525930000000001,14561,14561
7.530931000000001,13844,13844
7.535932,13159,13159
7.540933,12503,12503
7.545934,11886,11886
7.550935,11331,11331
7.555936,10871,10871
7.560937,10449,10449
7.565938,10023,10023
7.570939,9584,9584
7.57594,9200,9200
7.580941,8868,8868
7.585942,8587,8587
7.590943,8357,8357
7.595944,8168,8168
7.600945,7992,7992
7.605946,7837,7837
7.610947,7688,7688
7.615948,7551,7551
7.620950000000001,7428,7428
7.625951000000001,7320,7320
7.630952000000001,7240,7240
7.635953000000001,7190,7190
7.640954000000001,7174,7174
7.645955,7171,7171
7.650956,7174,7174
7.655957,7172,7172
7.660958,7175,7175
7.665959,7174,7174
7.67096,7173,7173
7.675961,7173,7173
7.680962,7173,7173
7.685963,7171,7171
7.690964,7174,7174
7.695965,7173,7173
7.700966,7173,7173
7.705967,7172,7172
7.710968,7176,7176
7.715969,7174,7174
7.72097,7175,7175
7.725971,7173,7173
7.730972,7170,7170
7.735973,7175,7175
7.7409740000000005,7174,7174
7.7459750000000005,7173,7173
7.7509760000000005,7174,7174
7.755977000000001,7173,7173
7.760979,7174,7174
7.76598,7174,7174
7.770981,7173,7173
7.775982,7172,7172
7.780983,7174,7174
7.785984,7174,7174
7.790985,7175,7175
7.795986,7174,7174
7.800987,7176,7176
7.805988,7172,7172
7.810989,7173,7173
7.81599,7173,7173
7.820991,7171,7171
7.825992,7175,7175
7.830993,7172,7172
7.835994,7173,7173
7.840995,7175,7175
7.845996,7173,7173
7.8509970000000004,7171,7171
7.855999000000001,7173,7173
7.861000000000001,7174,7174
7.866001000000001,7174,7174
7.871002,7171,7171
7.876003,7172,7172
7.881004,7173,7173
7.886005,7172,7172
7.891006,7172,7172
7.896007,7174,7174
7.901008,7174,7174
7.906009,7173,7173
7.91101,7172,7172
7.916011,7172,7172
7.921012,7172,7172
7.926013,7172,7172
7.931014,7171,7171
7.936015,7171,7171
7.941016,7176,7176
7.946017,7175,7175
7.951018,7174,7174
7.956019,7173,7173
7.961021,7174,7174
7.966022,7173,7173
7.9710220000000005,7173,7173
7.9760230000000005,7172,7172
7.981025,7172,7172
7.986026,7174,7174
7.991026000000001,7174,7174
7.996028,7173,7173
8.001028999999999,7177,7177
8.006029999999999,7175,7175
8.011031,7173,7173
8.016031,7173,7173
8.021033,7175,7175
8.026034,7176,7176
8.031035,7172,7172
8.036036,7172,7172
8.041037,7174,7174
8.046038,7174,7174
8.051039,7172,7172
8.05604,7174,7174
8.061041,7174,7174
8.066042,7173,7173
8.071043999999999,7175,7175
8.076044,7175,7175
8.081045999999999,7174,7174
8.086046999999999,7174,7174
8.091047999999999,7172,7172
8.096048999999999,7173,7173
8.101049999999999,7174,7174
8.106050999999999,7172,7172
8.111051999999999,7172,7172
8.116054,7171,7171
8.121056,7173,7173
8.126057,7172,7172
8.131058,7174,7174
8.136059,7172,7172
8.141060999999999,7175,7175
8.146061999999999,7175,7175
8.151062999999999,7174,7174
8.156063999999999,7172,7172
8.161064999999999,7172,7172
8.166065999999999,7173,7173
8.171066999999999,7172,7172
8.176067999999999,7174,7174
8.181068999999999,7172,7172
8.186069999999999,7173,7173
8.191070999999999,7174,7174
8.196071,7174,7174
8.201072,7173,7173
8.206074,7172,7172
8.211074,7173,7173
8.216076,7174,7174
8.221076,7172,7172
8.226078,7172,7172
8.231079,7173,7173
8.23608,7172,7172
8.241081,7174,7174
8.246082999999999,7174,7174
8.251083999999999,7172,7172
8.256084,7173,7173
8.261085999999999,7174,7174
8.266086,7174,7174
8.271087999999999,7174,7174
8.276088999999999,7172,7172
8.281089999999999,7175,7175
8.286090999999999,7172,7172
8.291091,7174,7174
8.296092,7173,7173
8.301093,7173,7173
8.306095,7173,7173
8.311096,7173,7173
8.316096,7173,7173
8.321097,7175,7175
8.326098,7176,7176
8.3311,7176,7176
8.336101,7173,7173
8.341102,7173,7173
8.346103,7174,7174
8.351104,7171,7171
8.356105999999999,7174,7174
8.361106999999999,7175,7175
8.366107,7176,7176
8.371112,7172,7172
8.376114999999999,7172,7172
8.381117,7174,7174
8.386118999999999,7173,7173
8.391121,7172,7172
8.396123999999999,7173,7173
8.401126,7172,7172
8.406129,7173,7173
8.411131,7173,7173
8.416132,7173,7173
8.421133,7175,7175
8.426134,7176,7176
8.431135,7172,7172
8.436136,7176,7176
8.441137,7174,7174
8.446138999999999,7173,7173
8.451139999999999,7174,7174
8.456140999999999,7174,7174
8.461141999999999,7173,7173
8.466142999999999,7174,7174
8.471143999999999,7174,7174
8.476146,7173,7173
8.481148,7174,7174
8.486149,7174,7174
8.49115,7174,7174
8.496151,7171,7171
8.501152,7171,7171
8.506153,7172,7172
8.511154,7173,7173
8.516155,7173,7173
8.521156,7176,7176
8.526157999999999,7173,7173
8.531158999999999,7172,7172
8.536159999999999,7172,7172
8.541160999999999,7175,7175
8.546161999999999,7173,7173
8.551162999999999,7175,7175
8.556163999999999,7174,7174
8.561164999999999,7172,7172
8.566165999999999,7171,7171
8.571166999999999,7173,7173
8.576168,7173,7173
8.581169,7176,7176
8.58617,7175,7175
8.591171,7174,7174
8.596172,7173,7173
8.601173,7172,7172
8.606174,7172,7172
8.611175,7171,7171
8.616176,7172,7172
8.621177,7175,7175
8.626178,7174,7174
8.631179,7176,7176
8.636180999999999,7172,7172
8.641181999999999,7173,7173
8.646182999999999,7174,7174
8.651183999999999,7173,7173
8.656184999999999,7177,7177
8.661185999999999,7173,7173
8.666186999999999,7175,7175
8.671187999999999,7174,7174
8.676188999999999,7174,7174
8.681189999999999,7176,7176
8.686190999999999,7172,7172
8.691192,7173,7173
8.696193,7173,7173
8.701194,7174,7174
8.706195,7171,7171
8.711196,7173,7173
8.716197,7173,7173
8.721198,7173,7173
8.726199,7173,7173
8.7312,7174,7174
8.736201,7171,7171
8.741202,7173,7173
8.746203,7171,7171
8.751204999999999,7174,7174
8.756205999999999,7170,7170
8.761206999999999,7172,7172
8.766207999999999,7173,7173
8.77121,7173,7173
8.776212,7174,7174
8.781213,7172,7172
8.786214,7176,7176
8.791215,7175,7175
8.796216,7175,7175
8.801217,7171,7171
8.806218,7174,7174
8.811219,7174,7174
8.81622,7170,7170
8.821221999999999,7171,7171
8.826222999999999,7172,7172
8.831223999999999,7174,7174
8.836224999999999,7173,7173
8.841225999999999,7174,7174
8.846226999999999,7173,7173
8.851227999999999,7173,7173
8.856228999999999,7171,7171
8.861229999999999,7171,7171
8.866230999999999,7173,7173
8.871232,7173,7173
8.876233,7173,7173
8.881234,7175,7175
8.886235,7175,7175
8.891236,7172,7172
8.896237,7176,7176
8.901238,7172,7172
8.906239,7172,7172
8.91124,7174,7174
8.916241,7173,7173
8.921242,7172,7172
8.926243,7171,7171
8.931244,7173,7173
8.936245999999999,7173,7173
8.941246999999999,7173,7173
8.946247999999999,7172,7172
8.951248999999999,7173,7173
8.956249999999999,7173,7173
8.961250999999999,7173,7173
8.966251999999999,7172,7172
8.971252999999999,7174,7174
8.976253999999999,7173,7173
8.981254999999999,7174,7174
8.986256,7175,7175
8.991257,7171,7171
8.996258,7174,7174
9.001259,7173,7173
9.00626,7174,7174
9.011261,7175,7175
9.016262,7176,7176
9.021263,7173,7173
9.026264,7173,7173
9.031265,7175,7175
9.036266,7174,7174
9.041267,7170,7170
9.046268999999999,7175,7175
9.051269999999999,7175,7175
9.056270999999999,7173,7173
9.061271999999999,7176,7176
9.066272999999999,7172,7172
9.071273999999999,7174,7174
9.076274999999999,7171,7171
9.081275999999999,7174,7174
9.086276999999999,7172,7172
9.091277999999999,7173,7173
9.096279,7176,7176
9.10128,7174,7174
9.106281,7174,7174
9.111282,7175,7175
9.116283,7174,7174
9.121284,7173,7173
9.126285,7172,7172
9.131286,7173,7173
9.136287,7175,7175
9.141288,7174,7174
9.146289,7175,7175
9.15129,7174,7174
9.15629,7172,7172
9.161292,7172,7172
9.166293999999999,7172,7172
9.171294999999999,7174,7174
9.176295999999999,7174,7174
9.181296999999999,7175,7175
9.186297999999999,7174,7174
9.191298999999999,7175,7175
9.196299999999999,7172,7172
9.201300999999999,7173,7173
9.206301999999999,7173,7173
9.211303,7171,7171
9.216304,7173,7173
9.221305,7173,7173
9.226306,7172,7172
9.231307,7172,7172
9.236308,7174,7174
9.241309,7174,7174
9.24631,7175,7175
9.251311,7172,7172
9.256312,7171,7171
9.261313,7175,7175
9.266314,7174,7174
9.271315999999999,7174,7174
9.276316999999999,7174,7174
9.281317999999999,7172,7172
9.286318999999999,7174,7174
9.291319999999999,7173,7173
9.296320999999999,7172,7172
9.301323,7173,7173
9.306325,7173,7173
9.311328999999999,7145,7145
9.316332,7078,7078
9.321334,6976,6976
9.326338999999999,6852,6852
9.331341,6700,6700
9.336343,6521,6521
9.341344999999999,6336,6336
9.346347,6158,6158
9.35135,5996,5996
9.356352,5848,5848
9.361353999999999,5716,5716
9.366354999999999,5580,5580
9.371357,5417,5417
9.376358999999999,5213,5213
9.381359999999999,4948,4948
9.386360999999999,4624,4624
9.391361999999999,4247,4247
9.396363,3858,3858
9.401364,3462,3462
9.406365,3070,3070
9.411366,2675,2675
9.416367,2240,2240
9.421368999999999,1764,1764
9.426369999999999,1264,1264
9.431370999999999,764,764
9.436371999999999,275,275
9.441372999999999,16154,16154
9.446373999999999,15605,15605
9.451374999999999,15011,15011
9.456375999999999,14410,14410
9.461376999999999,13811,13811
9.466377999999999,13201,13201
9.471378999999999,12566,12566
9.476379999999999,11890,11890
9.481380999999999,11251,11251
9.486381999999999,10641,10641
9.491382999999999,10003,10003
9.496383999999999,9332,9332
9.501384999999999,8645,8645
9.506386,7951,7951
9.511387,7218,7218
9.516388,6491,6491
9.521389,5784,5784
9.52639,5082,5082
9.531391,4334,4334
9.536392,3577,3577
9.541393,2832,2832
9.546394,2051,2051
9.551395,1240,1240
9.556396,445,445
9.561397,16007,16007
9.566398,15136,15136
9.571399999999999,14246,14246
9.576400999999999,13389,13389
9.581401999999999,12485,12485
9.586404,11593,11593
9.591406,10742,10742
9.596406,9899,9899
9.601408,9016,9016
9.606408,8120,8120
9.61141,7217,7217
9.616411,6300,6300
9.621412,5380,5380
9.626412,4485,4485
9.631413,3542,3542
9.636415,2627,2627
9.641416999999999,1692,1692
9.646417,701,701
9.651418999999999,16100,16100
9.656419,15070,15070
9.66142,14043,14043
9.666421999999999,13035,13035
9.671422,11999,11999
9.676423999999999,10980,10980
9.681424999999999,9973,9973
9.686425999999999,8987,8987
9.691427,7969,7969
9.696427,6932,6932
9.701428,5900,5900
9.70643,4898,4898
9.711431,3866,3866
9.716432,2824,2824
9.721432,1771,1771
9.726433,703,703
9.731435,15995,15995
9.736436,14855,14855
9.741436,13737,13737
9.746437,12581,12581
9.751439,11453,11453
9.756440999999999,10380,10380
9.761441999999999,9304,9304
9.766442999999999,8204,8204
9.771443,7086,7086
9.776444999999999,5987,5987
9.781445999999999,4885,4885
9.786446999999999,3774,3774
9.791447,2680,2680
9.796448,1566,1566
9.801449999999999,414,414
9.80645,15604,15604
9.811452,14385,14385
9.816453,13170,13170
9.821454,11938,11938
9.826454,10755,10755
9.831456,9605,9605
9.836456,8437,8437
9.841457,7249,7249
9.846459,6073,6073
9.85146,4892,4892
9.85646,3713,3713
9.861462,2552,2552
9.866463999999999,1359,1359
9.871464999999999,132,132
9.876465999999999,15240,15240
9.881466999999999,13968,13968
9.886467,12687,12687
9.891468999999999,11421,11421
9.896469999999999,10213,10213
9.901470999999999,9001,9001
9.906471999999999,7755,7755
9.911472999999999,6517,6517
9.916473,5306,5306
9.921475,4030,4030
9.926476,2815,2815
9.931476,1587,1587
9.936477,314,314
9.941479,15367,15367
9.94648,14008,14008
9.95148,12648,12648
9.956482,11328,11328
9.961483,10071,10071
9.966484,8808,8808
9.971484,7523,7523
9.976486,6246,6246
9.981487999999999,4991,4991
9.986488,3695,3695
9.991489999999999,2444,2444
9.99649,1159,1159
10.001491999999999,16210,16210
